texts	labels
消費限額	111_1
消費限額多少	111_1
帳單額度	111_1
現有卡片額度	111_1
想請問信用額度	111_1
額度	111_1
額度介紹	111_1
我信用卡額度核發多少	111_1
我的信用卡消費額度多少	111_1
如何查詢額度	111_1
我這張卡上限多少	111_1
我額度上限多少	111_1
我這張卡可以刷多少錢	111_1
請問信用額度	111_1
額度查詢	111_1
我這張卡片有多少額度	111_1
卡片總額度多少	111_1
我這張卡有多少可以刷	111_1
我這張卡額度多少	111_1
我這張卡能用多少	111_1
卡片核的額度是多少	111_1
我有多張卡片可以刷多少	111_1
全部的卡片可以刷多少	111_1
全部的卡片有多少額度	111_1
卡片刷卡上限是多少	111_1
卡片核多少	111_1
信用卡額度多少	111_1
卡片總額有多少	111_1
信用卡總額度多少	111_1
信用卡總額度有多少	111_1
卡片總額度有多少	111_1
信用卡總額有多少	111_1
卡片額度有多少	111_1
卡片核發額度	111_1
卡片限額	111_1
信用卡限額	111_1
信用卡總額多少	111_1
信用卡總額度金額	111_1
信用卡總額	111_1
信用卡核發額度	111_1
信用卡上限金額	111_1
我的信用卡總額	111_1
我的信用卡上限	111_1
我的信用卡核發金額	111_1
我的信用卡額度多少	111_1
我新卡額度多少	111_1
我新卡總額	111_1
我新卡限額	111_1
我新卡上限	111_1
我新卡總額度	111_1
我新卡額度有多少	111_1
我新卡核發金額	111_1
我的信用卡額度還有多少	111_1
請問信用卡額度	111_1
卡片核發總額度	111_1
卡片額度共用	111_1
所有卡片額度都共用嗎	111_1
信用卡額度上限	111_1
我的信用卡額度上限	111_1
信用卡額度還可以刷多少	111_1
卡片還剩多少額度	111_1
信用卡可刷額度	111_1
信用卡目前額度	111_1
信用卡目前可用額度	111_1
信用卡目前可使用的額度	111_1
卡片目前可用額度	111_1
卡片目前可刷額度	111_1
信用卡可刷金額	111_1
卡片可刷金額	111_1
目前卡片可刷金額	111_1
目前信用卡額度	111_1
卡片總額度	111_1
信用卡可刷總金額	111_1
卡片可刷總金額	111_1
卡片刷卡上限	111_1
我信用卡額度已經用多少了	111_2
已經用多少信用卡額度	111_2
信用卡額度用多少了	111_2
信用卡額度已經消費多少	111_2
信用卡額度用掉多少了	111_2
信用卡額度已用多少	111_2
我信用卡已經刷多少額度了	111_2
我總共刷多少了	111_2
信用卡已消費多少額度	111_2
我信用卡額度用多少了	111_2
我額度用掉多少了	111_2
我花費多少額度了	111_2
信用卡額度花多少了	111_2
已花費多少信用卡額度	111_2
已使用多少信用卡額度	111_2
我已經用多少信用卡額度	111_2
我刷了多少額度	111_2
信用卡已用額度查詢	111_2
已刷卡額度查詢	111_2
信用卡已刷卡額度	111_2
刷卡消費多少額度	111_2
信用卡消費多少額度了	111_2
我用掉多少卡片額度了	111_2
信用卡已經刷多少錢了	111_2
信用卡有目前刷多少了	111_2
信用卡全部消費有多少了	111_2
信用卡全部刷多少	111_2
我信用卡額度已經使用多少了	111_2
信用卡我刷了多少額度	111_2
信用卡額度我用了多少	111_2
我用了多少信用卡額度	111_2
信用卡額度我刷了多少	111_2
我刷了多少信用卡額度	111_2
信用卡已刷金額	111_2
信用卡已消費金額	111_2
已刷卡額度	111_2
目前已用額度	111_2
我已使用額度	111_2
我信用卡已使用金額	111_2
卡片已使用金額	111_2
卡片已刷金額	111_2
卡片已消費金額	111_2
目前已經刷多少了	111_2
目前已刷金額	111_2
目前已使用金額	111_2
信用卡還有多少沒付	111_2
我信用卡總共還欠多少	111_2
請問目前已經刷的額度	111_2
目前已使用額度	111_2
目前已刷額度	111_2
目前已經刷多少	111_2
請問目前刷卡多少錢	111_2
目前已請款金額	111_2
請問目前卡片刷卡金額	111_2
請問目前卡片已經刷多少錢	111_2
請問卡片目前使用額度狀況	111_2
想詢問目前以刷卡的金額	111_2
想詢問卡片目前刷卡金額	111_2
想詢問卡片以用額度	111_2
請問卡片已用額度	111_2
請問我已經刷多少金額	111_2
請問我目前已經刷多少錢	111_2
請問已經用掉多少額度了	111_2
想確認目前已用額度	111_2
想確認目前已經刷的金額	111_2
想確認目前已刷額度	111_2
請問目前刷卡金額	111_2
請問目前卡片以刷金額	111_2
請問目前已用多少額度	111_2
卡片已用金額	111_2
卡片已用額度	111_2
信用卡已用金額	111_2
本月已刷金額	111_2
本月已刷額度	111_2
本月已使用的額度	111_2
我帳單幾號結帳	111_3
我信用卡帳單何時才會結帳	111_3
我的結帳日是幾號	111_3
帳單要等到幾號才會結帳	111_3
我帳單結帳了沒	111_3
我信用卡還沒結帳嗎	111_3
信用卡結帳日期是什麼時候	111_3
結帳日	111_3
我要查結帳日	111_3
我想確認結帳日	111_3
我的結帳日是何時	111_3
我的帳單幾號結算	111_3
信用卡帳單幾號會寄來	111_3
信用卡帳單切點是幾號	111_3
信用卡今天刷卡什麼時候繳錢	111_3
現在刷卡帳單什麼時候寄來	111_3
信用卡結帳是幾號	111_3
信用卡幾號結帳	111_3
什麼時候可以查詢到信用卡帳單	111_3
我帳單什麼時候出來	111_3
我的信用卡消費什麼出來	111_3
信用卡帳單什麼時候結帳	111_3
幾號是信用卡結帳日	111_3
信用卡帳單出來了嗎	111_3
我幾號結帳	111_3
我信用卡帳單什麼時候會出來	111_3
信用卡帳單幾號會出來	111_3
我最新信用卡帳單什麼時候看的到	111_3
信用卡帳單結帳了嗎	111_3
我的信用卡帳單結帳了嗎	111_3
我信用卡幾號結帳	111_3
這個月結帳了嗎	111_3
信用卡結帳時間	111_3
信用卡哪時結帳	111_3
信用卡結帳日期	111_3
信用卡結算時間	111_3
卡片結帳日期	111_3
卡片結帳日是幾號	111_3
卡片結帳日期是幾號	111_3
卡片結算時間	111_3
我刷卡算到哪時候	111_3
我信用卡哪時出帳單	111_3
我刷卡結算日	111_3
我刷卡結算到哪時	111_3
我每個月幾號結帳	111_3
我信用卡的週期	111_3
我信用卡帳單刷卡週期	111_3
信用卡帳單幾號出來	111_3
幾號信用卡帳單出來	111_3
我信用卡帳單結算時間	111_3
幾號是信用卡出帳日	111_3
帳單什麼時候出來	111_3
帳單幾號關帳	111_3
帳單幾號結算	111_3
信用卡帳單結算日	111_3
信用卡帳單結算時間	111_3
我的信用卡帳單產出日	111_3
信用卡帳單產出日	111_3
信用卡帳單關帳時間	111_3
信用卡帳單產出時間	111_3
信用卡帳務產出時間	111_3
信用卡帳單結算日期	111_3
我的帳單日期	111_3
我的帳單結算日期	111_3
我的帳單結算時間	111_3
請問帳單關帳時間	111_3
請問帳單結算日	111_3
請問信用卡帳單周期	111_3
請問信用卡帳務結算時間	111_3
請問信用卡什麼時候結算	111_3
請問卡片帳單結算日	111_3
請問卡片帳單日期	111_3
請問卡片帳單周期	111_3
請問帳單繳款時間	111_3
帳單金額產出時間	111_3
想確認一筆刷卡請款了嗎	111_4
我要去哪裡查詢已經請款的消費	111_4
下期帳單有哪些消費	111_4
我想查下期帳單有哪些消費	111_4
我有哪些消費已經請款了	111_4
我想查下期帳單的刷卡明細	111_4
我有哪些刷卡已經請款了	111_4
我想確認已請款的消費	111_4
我想問一筆刷卡店家請款了嗎	111_4
請問店家請款了嗎	111_4
我到目前為止已經刷多少了	111_4
下一期我要繳多少	111_4
下期帳單目前有多少了	111_4
商店請款了沒	111_4
款項入帳了沒	111_4
下個月要繳多少	111_4
消費入帳了沒	111_4
買東西入帳明細	111_4
我這筆消費請款了嗎	111_4
查詢信用卡未出帳交易	111_4
信用卡未出帳明細	111_4
確認信用卡未出帳狀況	111_4
我還沒出帳的金額有多少	111_4
下一期我刷多少了	111_4
我帳單下一期刷多少	111_4
我帳單下一期已經刷多少	111_4
還沒出的金額刷多少	111_4
沒入帳單金額有多少	111_4
還沒繳費的明細	111_4
已請款明細	111_4
欲繳款明細	111_4
下期帳單繳款明細	111_4
下期帳單刷卡明細	111_4
要繳款明細	111_4
下期帳單明細	111_4
下個月繳款明細	111_4
隔月繳款明細	111_4
次月繳款明細	111_4
下次繳款明細	111_4
要繳款的明細	111_4
已請款的明細	111_4
欲繳款的明細	111_4
下期帳單繳款的明細	111_4
下期帳單刷卡的明細	111_4
下期帳單的明細	111_4
下個月繳款的明細	111_4
隔月繳款的明細	111_4
次月繳款的明細	111_4
下次要繳款明細	111_4
下次要繳款的明細	111_4
下期帳單目前已刷明細	111_4
下期帳單目前明細	111_4
下期帳單目前已刷的內容	111_4
下期帳單累積的刷卡內容	111_4
次月目前繳款內容	111_4
次月需繳款的明細	111_4
次月至單已刷內容	111_4
目前已經刷的內容	111_4
目前已經刷的明細	111_4
次月要繳明細	111_4
目前已請款明細	111_4
目前刷卡已請款的內容	111_4
目前刷卡已請款的明細	111_4
現在已經請款的內容	111_4
下期帳單目前要繳哪些	111_4
下期帳單累積的內容明細	111_4
次月帳單累積的內容明細	111_4
信用卡下個月已刷的明細	111_4
信用卡下個月要繳的內容	111_4
信用卡目前已經累積的內容	111_4
卡片下個月要繳的內容	111_4
卡片下個月應繳的明細	111_4
請問已經請款的消費	111_4
請問目前已經請款的內容	111_4
請問目前下個月要繳的內容	111_4
已經繳款仍收帳單	111_5
信用卡繳款入帳查詢	111_5
信用卡繳款怎麼傳真訊息索取	111_5
麻煩請幫我查詢一下10月份的扣款是否有扣到呢	111_5
信用卡轉入查詢	111_5
忘記是否繳過信用卡款	111_5
我卡費昨天已經繳了  怎麼沒顯示	111_5
信用卡款繳款情形	111_5
查詢信用卡使用玉山轉帳是否成功	111_5
查詢信用卡款繳款紀錄	111_5
本期已經繳款多少	111_5
怎麼查詢信用卡繳費機錄	111_5
信用卡繳款紀錄疑問	111_5
可以繳款紀錄	111_5
信用卡怎麼查詢繳款已經轉入	111_5
帳單扣到錢	111_5
信用卡款是否已經轉入	111_5
不了解繳款沒有	111_5
本期帳單已經結清	111_5
看看是否繳款	111_5
怎麼查詢信用卡繳款紀錄	111_5
本期帳單完成繳款	111_5
信用卡本期繳款	111_5
想查詢一下是否完成信用卡繳費	111_5
帳單交沒有	111_5
繳款查詢	111_5
請問，我02/09繳入的金額，入帳了嗎	111_5
前何時繳款	111_5
最後繳款何時	111_5
信用卡繳款轉入查詢	111_5
已經atm繳款	111_5
忘記是否繳款	111_5
本期帳單繳款完了	111_5
帳單不是已經繳清	111_5
收繳款	111_5
入款紀錄	111_5
請問我的卡費繳了嗎	111_5
查詢轉入紀錄	111_5
想請問是否已收到信用卡繳款款項	111_5
可以幫轉入	111_5
我有信用卡 帳單還沒繳嗎	111_5
信用卡已繳款查詢	111_5
信用卡款已經結清	111_5
本期帳單扣繳成功	111_5
信用卡繳款卡情形	111_5
繳款紀錄查詢	111_5
還有信用卡款沒有繳款	111_5
已有轉帳信用卡款	111_5
我10月份的應繳款，是否有入帳	111_5
想知道2020年六月的繳款紀錄	111_5
可以幫查詢本期是否繳款	111_5
繳款成功	111_5
繳款明細	111_5
信用卡哪裡期沒有繳款	111_5
繳款沒有	111_5
帳單沒有繳款	111_5
查詢本期繳款是否成功	111_5
幫查詢信用卡款項是否已經繳款入賬	111_5
信用卡繳款明細	111_5
想確認剛剛線上購物有沒有重複繳款	111_5
繳款紀錄	111_5
繳款信用卡查詢	111_5
我繳款進去了嗎	111_5
繳款入帳了嗎	111_5
幫我查這個月帳單繳款了嗎	111_5
帳單我繳了沒	111_5
最一次繳款是什麼時候	111_5
我這期個用卡帳單繳了嗎	111_5
有沒有收到信用卡繳款	111_5
我帳單有沒有繳款	111_5
這個月帳單有扣款成功嗎	111_5
信用卡帳單要扣到款項嗎	111_5
我有轉錢到信用卡有進去嗎	111_5
我到便利商店繳款有收到嗎	111_5
有辦自動扣繳有扣到信用卡款項嗎	111_5
請問卡費繳款是否入帳	111_5
如何確認卡費已繳款成功	111_5
您好，線上繳款上限多少？	111_6
我要用ebill繳信用卡費	111_6
繳款qrcode	111_6
全國繳款網	111_6
信用卡繳款qrcode	111_6
無法線上繳信用卡帳單	111_6
帳單qrcode繳款	111_6
官網網路繳款	111_6
全國繳款網限額	111_6
為什麼不能線上繳費	111_6
信用卡繳款網路	111_6
全國繳款網轉帳額度	111_6
全國繳費網	111_6
快速線上繳款	111_6
線上轉帳繳費	111_6
線上繳卡費	111_6
網路上怎麼繳款	111_6
線上怎麼轉帳	111_6
線上轉帳帳號要輸入幾號	111_6
網路怎麼繳款	111_6
網路ATM怎麼轉帳	111_6
怎麼用自己的帳號線上繳信用卡款	111_6
qrcode怎麼繳款	111_6
線上繳信用卡款有限制額度嗎	111_6
線上繳信用卡可以轉多少	111_6
網路繳信用卡費	111_6
信用卡網路轉帳繳費	111_6
信用卡線上繳費	111_6
信用卡網路繳費方式	111_6
信用卡網路如何繳費	111_6
線上繳納信用卡手續費	111_6
我要網路繳卡費	111_6
我要網路繳信用卡費	111_6
網路要怎麼繳卡費	111_6
可以用其他銀行帳號繳卡費嗎	111_6
可以用其他銀行帳號繳信用卡費嗎	111_6
網路繳信用卡費方式	111_6
線上繳信用卡費方式	111_6
ebii繳信用卡費	111_6
網路繳本行信用卡帳單	111_6
網路繳納信用卡方式	111_6
網路繳卡費	111_6
全國繳費網繳費	111_6
全國繳費往繳信用卡費	111_6
全國繳費往繳本期信用卡費	111_6
如何用全國繳費往繳卡費	111_6
全國繳費網繳卡費用手續費嗎	111_6
全國繳費網最多可以繳多少	111_6
網路繳信用卡費上限	111_6
網路繳信卡款	111_6
網路繳本期信用卡費	111_6
網路繳信用卡費有手續費嗎	111_6
網路繳信用卡費規定	111_6
線上繳本期信用卡費	111_6
線上繳本期信用卡費有手續費嗎	111_6
可以線上繳超過帳單金額嗎	111_6
線上繳費可以只繳部分金額嗎	111_6
怎麼用網路繳信用卡費	111_6
怎麼用網路繳本期信用卡費	111_6
怎麼在線上繳信用卡款	111_6
線上可以繳信用卡款嗎	111_6
線上怎麼繳信用卡費	111_6
請問線上怎麼繳信用卡費	111_6
線上繳信用卡費方法	111_6
網路繳款方式	111_6
網路繳款方法	111_6
網路繳款上限金額	111_6
網路可繳信用卡費的上限	111_6
線上繳卡費得金額上限	111_6
線上繳款可繳自訂金額嗎	111_6
全國繳費網手續費	111_6
全國繳費網金額上限	111_6
全國繳費網操作方式	111_6
全國繳費網只能繳自己的卡費嗎	111_6
全國繳費網繳費流程	111_6
atm申請信用卡自動扣款	111_7
分行申請他行帳戶扣繳	111_7
主動轉帳繳款信用卡款	111_7
他行主動申請書	111_7
他行扣繳申請書	111_7
他行扣繳信用卡款	111_7
他行自動扣款手續費	111_7
他行信用卡使用玉山帳戶扣繳要前往玉山申請仍他行	111_7
他行帳戶自動扣款	111_7
他行帳戶轉帳繳款	111_7
可以申請他行自動扣款表單	111_7
申請信用卡他行扣繳	111_7
申請帳單自動扣款	111_7
申請帳單自動扣款方法	111_7
扣繳帳戶申請書	111_7
自動扣款可以申請他行表單	111_7
自動扣款信用卡款	111_7
定期扣繳信用卡款	111_7
非玉山帳戶信用卡轉帳扣繳申請	111_7
信用卡主動轉帳申請	111_7
信用卡他行扣繳申請書	111_7
信用卡代扣手續費	111_7
信用卡申請主動轉帳	111_7
信用卡自動扣款他行帳戶	111_7
信用卡自動扣款限定玉山帳戶	111_7
信用卡自動扣繳申辦，非臨櫃申辦	111_7
信用卡怎麼申請帳戶直接繳款	111_7
信用卡款他行帳戶扣款日	111_7
信用卡款使用帳戶自動扣款	111_7
信用卡轉帳扣繳申請	111_7
要申請信用卡信用卡款自動扣款扣繳帳戶是否只有使用玉山帳戶	111_7
寄送轉帳申請書	111_7
帳戶自動扣款要玉山帳戶	111_7
帳單自動扣款	111_7
帳單自動扣款申請	111_7
設定信用卡款轉帳要怎麼申請	111_7
跨行要主動轉帳扣繳信用卡怎麼申請	111_7
繳款信用卡使用帳戶扣繳	111_7
帳戶可以扣信用卡費嗎	111_7
帳戶可以繳信用卡費嗎	111_7
怎麼申請帳戶繳信用卡款	111_7
怎麼申請帳戶繳信用卡費	111_7
如何申請帳戶繳信用卡款	111_7
如何申請帳戶繳信用卡費	111_7
他行帳戶可以扣卡費嗎	111_7
帳戶怎麼申請扣信用卡費	111_7
如何設定約定帳戶自動扣款	111_7
自動扣款信用卡費	111_7
自動轉帳信用卡費	111_7
使用帳戶扣信用卡費	111_7
其他銀行扣信用卡費	111_7
他行自動轉帳信用卡費	111_7
帳戶自動扣繳信用卡費	111_7
友行自動扣信用卡費	111_7
銀行扣信用卡費	111_7
帳戶扣信用卡費	111_7
ach代收信用卡費	111_7
網路申請帳戶自動扣款	111_7
線上申請自動扣款	111_7
自動扣款申請	111_7
自動扣款如何申請	111_7
自動轉帳繳卡費	111_7
自動轉帳繳信用卡費	111_7
用其他間銀行自動信用卡費	111_7
用其他間銀行自動繳信用卡費	111_7
自動扣款申請書	111_7
玉山本行自動扣款	111_7
玉山本行自動繳卡款	111_7
玉山帳戶自動繳卡費	111_7
玉山帳戶自動扣信用卡費	111_7
玉山帳戶自動扣信用卡款	111_7
每個月自動扣繳卡費	111_7
每個月自動繳信用卡款	111_7
他行自動扣繳	111_7
他行自動繳信用卡款	111_7
沒有帳單不知怎麼轉帳	111_8
公司商務白金卡怎麼繳款	111_8
公司繳款信用卡款	111_8
atm信用卡自動扣款	111_8
帳款超過20000，無法在超商繳款。要如何處理	111_8
信用卡繳款銷帳編號	111_8
信用卡繳款他行	111_8
要使用帳戶轉帳繳款	111_8
超過十萬元帳單如何繳費	111_8
信用卡提前繳款	111_8
提前繳款信用卡款	111_8
要繳帳單	111_8
怎麼繳款	111_8
繳款個人信用卡款	111_8
多繳信用卡	111_8
繳款編號	111_8
公司卡繳款信用卡款	111_8
委託他人繳款	111_8
要交錢	111_8
信用卡款不能轉帳	111_8
信用卡款能用銀行卡轉帳	111_8
網路列印繳款聯	111_8
提前繳款	111_8
繳款方法	111_8
繳款帳號多少信用卡	111_8
公司繳款信用卡	111_8
多繳信用卡款	111_8
信用卡繳款不知道金額	111_8
多繳信用卡款帳號	111_8
帳單繳款號碼	111_8
信用卡繳款可以分行繳款	111_8
分行繳款	111_8
他行劃撥手續費	111_8
他行劃撥可以手續費	111_8
他行劃撥編號	111_8
玉山劃撥帳號	111_8
怎麼劃撥	111_8
郵局劃撥方法	111_8
郵局劃撥帳號	111_8
郵局劃撥單怎麼填寫	111_8
郵政劃撥	111_8
郵政劃撥帳號	111_8
劃撥	111_8
劃撥手續費	111_8
劃撥帳號索取	111_8
atm信用卡款帳號	111_8
atm怎麼使用繳款	111_8
atm怎麼繳款	111_8
atm轉帳信用卡款	111_8
atm轉帳信用卡號	111_8
atm轉帳帳戶	111_8
atm繳款	111_8
atm繳款介紹	111_8
atm繳款方法	111_8
atm繳款信用卡款銀行代號	111_8
atm繳款信用卡額度	111_8
atm繳款限額	111_8
atm繳款帳戶	111_8
atm繳款銀行號碼	111_8
卡費超過2萬如何用atm繳	111_8
卡號繳款信用卡款	111_8
沒有申請帳單怎麼他行轉帳	111_8
身分證字號代碼	111_8
身分證字號代碼查詢	111_8
身分證字號英文	111_8
身分證英文代號	111_8
身分證英文代碼	111_8
身分證英文變更	111_8
身分證英文變更數字	111_8
身分證對應數字	111_8
身分證變更英文	111_8
信用卡atm交款	111_8
信用卡atm繳款卡號	111_8
信用卡英文代號意思	111_8
信用卡帳單 使用atm轉帳繳費 要怎麼輸入?	111_8
信用卡銷帳帳戶	111_8
信用卡銷帳編號	111_8
信用卡轉帳	111_8
信用卡轉帳繳款方法	111_8
信用卡繳款atm	111_8
信用卡繳款轉帳帳號	111_8
怎麼他行轉帳信用卡	111_8
怎麼使用atm支付信用卡款	111_8
英文對應數字	111_8
英文轉數字	111_8
要使用atm轉帳	111_8
帳單遺失查詢atm轉帳帳戶	111_8
帳單遺失轉帳帳戶	111_8
網路轉帳繳款信用卡款帳號	111_8
請問信用卡費可否轉帳	111_8
轉帳信用卡繳款	111_8
轉帳繳款atm	111_8
轉帳繳款信用卡款帳戶	111_8
繳款代號	111_8
繳款信用卡款卡號	111_8
繳款信用卡款輸入卡號	111_8
信用卡帳單怎麼繳費	111_8
信用卡繳費方式	111_8
信用卡如何繳費	111_8
信用卡可以轉帳繳款嗎	111_8
信用卡可以到ATM繳嗎	111_8
信用卡可以郵局繳嗎	111_8
信用卡費怎麼繳費	111_8
信用卡費繳費方式	111_8
信用卡費如何繳費	111_8
信用卡帳單金額多少錢	113_1
信用卡欠款多少	113_1
卡費要繳多少錢	113_1
信用卡本期帳單金額多少	113_1
信用卡本期應繳帳單金額	113_1
可以幫我查詢信用卡金額多少	113_1
信用卡本期消費要繳多少	113_1
信用卡款要繳多少	113_1
查詢應繳卡費	113_1
信用卡帳單總金額	113_1
信用卡帳單總金額與最低金額	113_1
了解信用卡總消費	113_1
不了解繳款有效期限	113_1
欠信用卡款	113_1
信用卡欠帳	113_1
信用卡欠費	113_1
信用卡欠費多少	113_1
卡費	113_1
可以查詢信用卡帳務	113_1
本期信用卡款最低應繳金額多少	113_1
本期信用卡帳目金額	113_1
本期信用卡帳單可用餘額	113_1
本期信用卡最少多少	113_1
本期信用卡應繳信用卡款	113_1
目前信用卡欠費	113_1
目前國內不能查詢信用卡最低應繳金額什麼方法	113_1
收到信用卡沒有繳款的通知簡訊	113_1
查詢是否尚未繳款信用卡款	113_1
忘記本期帳單	113_1
我有帳單未繳款嗎	113_1
我要問信用卡總欠費多少	113_1
我想知道我這筆金額到底是多少	113_1
我想詢問 我全部應該繳的費用金額是多少	113_1
信用卡帳單金額查詢	113_1
信用卡欠款	113_1
信用卡欠款是否結清	113_1
信用卡本期繳款最低應繳金額	113_1
信用卡待繳金額	113_1
信用卡剩餘多少沒有繳款	113_1
信用卡款	113_1
信用卡款可用餘額查詢	113_1
信用卡款事宜	113_1
信用卡費	113_1
信用卡還有沒有繳款	113_1
怎麼查詢信用卡款	113_1
是否欠信用卡款	113_1
是否可先查詢本期信用卡帳單應繳金額	113_1
是否信用卡款欠繳	113_1
信用卡帳單是否還有欠費	113_1
查詢本期信用卡帳單沒有轉入帳單消費	113_1
查詢本期信用卡帳單要繳款	113_1
查詢本期信用卡帳單繳款日期及金額	113_1
要本期信用卡帳單	113_1
最新帳單何時出來	113_1
最新信用卡帳單何時出來	113_1
信用卡結帳出來了嗎	113_1
想詢問目前我還有欠款記錄嗎	113_1
請問可以幫我查詢我這個月信用卡繳款了嗎	113_1
應繳信用卡款可是不知應繳多少	113_1
應繳跟最低應繳金額	113_1
繳款多少信用卡款	113_1
信用卡繳款金額	113_1
繳款信用卡款多少	113_1
本期應繳金額	113_1
本期信用卡費多少錢	113_1
本期信用卡款多少	113_1
本期信用卡費多少	113_1
本期信用卡款多少錢	113_1
這期應繳金額	113_1
這期信用卡應繳金額	113_1
信用卡費這期多少錢	113_1
這期信用卡款多少	113_1
這期信用卡費多少錢	113_1
這期信用卡款多少錢	113_1
信用卡費多少	113_1
信用卡費多少錢	113_1
信用卡款多少	113_1
信用卡款多少錢	113_1
這期多少金額要繳	113_1
這期信用卡多少金額要繳	113_1
本期多少金額要繳	113_1
本期信用卡多少金額要繳	113_1
卡費要繳多少	113_1
這期要繳多少錢	113_1
本期要繳多少錢	113_1
帳單這次金額多少	113_1
帳單這次金額多少錢	113_1
帳單這次要繳多少	113_1
怎麼查詢最低應繳金額	113_2
信用卡帳單最低應繳金額多少錢	113_2
信用卡本期帳單最低應繳金額多少	113_2
信用卡本期帳單最低應繳金額	113_2
可以幫我查詢信用卡最低應繳金額多少	113_2
本期信用卡帳單最低應繳最低應繳金額多少	113_2
本期信用卡帳目最低應繳金額	113_2
本期信用卡最低多少	113_2
我想知道我這期最低應繳金額到底是多少	113_2
信用卡帳單最低應繳金額查詢	113_2
信用卡本期繳款最低應繳金額	113_2
信用卡待繳最低應繳金額	113_2
是否可先查詢本期信用卡帳單應繳最低金額	113_2
信用卡繳款最低應繳金額	113_2
我這個月最低繳多少	113_2
這個月最低多少	113_2
本期最低多少	113_2
最低可以繳多少錢	113_2
請問最低應繳費用多少	113_2
查詢最低應繳	113_2
本期最低金額多少	113_2
最低應繳金額	113_2
這期最低金額多少	113_2
本期最低應繳金額多少	113_2
這期最低應繳金額多少	113_2
帳單最低金額	113_2
帳單最低應繳金額	113_2
本期最少要繳多少錢	113_2
這期最少有繳多少錢	113_2
信用卡費這期最低金額	113_2
信用卡這期最低應繳金額	113_2
信用卡本期最低金額	113_2
信用卡本期最低應繳金額	113_2
這個月最低金額多少	113_2
這個月最低應繳金額多少	113_2
這個月最低金額多少錢	113_2
這個月最低應繳金額多少錢	113_2
信用卡最低應繳	113_2
信用卡費最低應繳	113_2
本期信用卡費最低應繳	113_2
信用卡費最低金額	113_2
本期信用卡最低應繳	113_2
信用卡帳單最低應繳	113_2
信用卡帳單最低金額	113_2
本期信用卡費最低應繳金額	113_2
本期信用卡費最低應繳金額多少	113_2
本期信用卡帳單最低金額	113_2
繳信用卡最低應繳	113_2
本期想繳最低應繳	113_2
本期最低應繳多少	113_2
本期信用卡帳單最低應繳	113_2
信用卡最低應繳多少錢	113_2
未繳信用卡帳單最低應繳	113_2
未繳信用卡最低應繳多少錢	113_2
本期帳單最低應繳是多少	113_2
本期帳單最低應繳的金額	113_2
這期帳單最低應繳金額	113_2
應繳的最低金額	113_2
至少需要繳的信用卡金額	113_2
這個月最少需要繳多少卡費	113_2
這個月帳單的最低金額	113_2
本月最低的繳款金額	113_2
請問這個月應繳的最低金額	113_2
請問這個月至少要繳多少	113_2
請問這個月至少要繳多少金額	113_2
想確認這個月至少要繳的最低金額	113_2
怎麼確認最少的應繳金額	113_2
怎麼查詢信用卡帳單最低應繳	113_2
未繳的最低金額至少要繳多少	113_2
本期帳單至少要繳多少	113_2
這期帳單最少要繳多少	113_2
請問這個月最少要繳多少	113_2
本期信用卡帳單最少要繳多少	113_2
這個月帳單至少要繳多少	113_2
請問這個月應繳金額最少多少	113_2
信用卡帳單何時到期	113_3
不知道帳單過期了沒	113_3
不知道信用卡繳費期限	113_3
想確認信用卡最晚何時要繳款	113_3
想確認信用卡帳單最晚何時要繳款	113_3
信用卡帳單超過幾號繳款就算過期	113_3
我信用卡帳單繳費期限到期了嗎	113_3
我信用卡帳單到期了嗎	113_3
信用卡繳款帳單繳費期限	113_3
我忘記信用卡繳費期限了	113_3
信用卡帳單什麼時候繳錢	113_3
信用卡繳款日期是幾號	113_3
信用卡帳單幾號要繳卡款	113_3
信用卡繳款期限什麼時候	113_3
這期帳單要不要繳	113_3
信用卡繳款截日是幾號	113_3
信用卡帳單已經超過繳款期了嗎	113_3
沒收到信用卡帳單何時繳款	113_3
信用卡帳單過期了嗎	113_3
信用卡帳單什麼寄過來繳款	113_3
信用卡帳單什麼要繳	113_3
信用卡帳單寄出了嗎	113_3
忘記繳款信用卡帳單期限到幾號	113_3
帳單繳費期間	113_3
信用卡繳費期間	113_3
帳單何時到期	113_3
本期帳單期限	113_3
帳單繳費期限	113_3
卡費期限	113_3
查詢信用卡繳費期限	113_3
查詢信用卡帳單期限	113_3
卡費繳納時間	113_3
卡費最晚期限	113_3
信用卡最晚繳費期限	113_3
信用卡繳款時間	113_3
信用卡繳費時間	113_3
帳單何時過期	113_3
帳單過期時間	113_3
我的帳單幾號截止	113_3
我的帳單截止日幾號	113_3
帳單幾號截止	113_3
信用卡帳單截止日期	113_3
信用卡繳款截止日	113_3
信用卡帳單幾號截止	113_3
信用卡帳單截止時間	113_3
信用卡帳單過期時間	113_3
信用卡最後一天什麼時候	113_3
查詢可用額度	1121
想知道信用卡額度 	1121
額度剩多少可以用	1121
還可以刷多少	1121
信用卡可用額度查詢	1121
還有多少額度可以用	1121
卡片總額度多少	1121
信用卡還有多少額度可以用	1121
信用卡額度還多少	1121
卡額度爆了嗎	1121
可以查詢使用額度	1121
信用卡可以消費多少	1121
信用卡可用餘額多少	1121
信用卡可用額度查詢方式	1121
目前信用卡額度	1121
信用卡使用餘款	1121
信用卡使用額度查詢	1121
信用卡可以使用額度	1121
信用卡可用餘額查詢方法	1121
信用卡是否沒有額度	1121
信用卡消費額度	1121
信用卡款上有額度	1121
信用卡還有多少可用	1121
信用卡額度可用餘額	1121
信用卡額度疑問	1121
怎麼查詢信用卡可用餘額	1121
查詢信用卡可用餘額方法	1121
查詢消費限額	1121
查詢信用卡額度	1121
要信用卡可用餘額	1121
請告訴我本人的信用卡消費額度剩餘多少	1121
請問我目前額度還可以刷多少錢	1121
請確認最新信用卡額度	1121
還有多少可以消費	1121
還有沒有額度可以消費	1121
還有額度可以使用	1121
還有額度可以消費嗎	1121
額度可用餘額	1121
額度可用餘額查詢	1121
額度還有多少	1121
我還能刷多少	1121
我信用卡額度還有多少	1121
我額度還有多少可以刷	1121
我刷卡額度還有多少	1121
現在額度有多少	1121
現在額度還能刷多少	1121
現在可刷卡多少錢	1121
現在能還刷多少錢	1121
現在還能刷多少額度	1121
刷卡額度還有多少	1121
信用卡還有多少額度	1121
申請信用卡調額	1122
信用卡額度調高	1122
調高信用卡額度	1122
想把信用卡額度調高一點	1122
信用卡額度太少了怎麼辦	1122
怎麼調高信用卡額度	1122
信用卡額度不夠怎麼申請	1122
信用卡額度要怎麼調整	1122
信用卡額度刷滿了	1122
沒有信用卡額度可以用了	1122
e指信用卡額度調整	1122
什麼申請信用卡額度調整	1122
公司信用卡額度調整	1122
升等信用卡額度消費保費	1122
本期信用卡額度調整	1122
申請永額	1122
申請信用卡增額	1122
申請臨額	1122
申請信用卡額度提升是否成功	1122
申請信用卡額度進度	1122
保費達信用卡額度怎麼申請	1122
信用卡消費爆	1122
信用卡額度網路申請	1122
信用卡額度調整方法	1122
信用卡額度調整進度查詢	1122
信用卡繳稅信用卡額度不夠	1122
信用信用卡額度調整	1122
查詢信用卡額度調整申請	1122
要增信用卡額度	1122
信用卡額度要臨時增額	1122
剛核卡想升信用卡額度	1122
提升卡額	1122
提高臨時信用卡額度	1122
超額授權	1122
綜所稅信用卡額度不夠	1122
信用卡增額	1122
彈性提高可用餘額事宜	1122
調整臨額	1122
調整信用卡額度	1122
調信用卡額度	1122
請幫我提高信用卡額度	1122
聯徵申請增額進度	1122
臨時申請信用卡額度	1122
臨時提款額	1122
臨時信用卡額度申請	1122
臨額	1122
歸帳戶信用卡額度已經達	1122
信用卡額度不夠	1122
信用卡額度不夠怎麼解決	1122
信用卡額度太低	1122
信用卡額度審核時間	1122
信用卡額度調整	1122
信用卡額度調整申請進度	1122
信用卡額度調整查詢	1122
信用卡額度調整繳款綜所稅	1122
信用卡額度變更	1122
卡片額度不夠	1122
卡片額度調整	1122
提高卡片額度	1122
信用卡額度臨時調整	1122
增加信用卡每月可刷費用	1122
提高每月可刷卡金額	1122
申請額度調整	1122
可以臨時調高額度嗎	1122
如何申請臨時調高額度	1122
補寄信用卡實體紙本對帳單	118
信用卡紙本帳對帳單補寄	118
信用卡實體帳單要如何補發	118
我信用卡帳單不見了怎麼補	118
補一張信用卡帳單給我	118
我要申請信用卡帳單補發	118
信用卡帳單遺失了可以再寄一張給我嗎	118
要怎麼補信用卡紙本帳單	118
信用卡帳單補寄	118
上期沒有收信用卡款可以補發	118
信用卡本期紙本明細補發	118
信用卡本期紙本帳單遺失	118
申請重發信用卡紙本帳單	118
申請信用卡紙本帳單	118
沒收信用卡紙本帳單	118
沒有收到信用卡帳單可以補發嗎	118
沒有收到信用卡帳單，要補發索取	118
沒有收到信用卡單子	118
沒有收最新一期信用卡紙本帳單	118
沒有收信用卡繳款紙本帳單	118
沒有收信用卡繳款紙本帳單通知	118
沒有信用卡紙本帳單不能繳款	118
信用卡紙本帳單未收到	118
信用卡紙本帳單為什麼沒有寄送	118
信用卡紙本帳單沒有收怎麼申請補發	118
信用卡紙本帳單沒有寄信	118
信用卡紙本帳單尚未收可以補發帳單	118
信用卡紙本帳單哪裡補發	118
信用卡紙本帳單遺失	118
信用卡繳款怎麼沒有單子	118
信箱近期未收到信用卡紙本帳單	118
客戶沒有收信用卡紙本帳單	118
怎麼補發信用卡紙本帳單	118
要信用卡實體帳單	118
重新寄送信用卡紙本帳單	118
索取上期信用卡紙本帳單	118
寄送實體信用卡紙本帳單	118
寄送信用卡繳款紙本帳單	118
信用卡紙本帳單沒有收到	118
信用卡紙本帳單寄送索取	118
補寄上上期信用卡紙本帳單	118
信用卡紙本帳單補寄	118
信用卡紙本帳單要補寄	118
信用卡帳單幫我寄到我的地址	118
信用卡帳單沒收到要補寄一份紙本帳單	118
我信用卡紙本帳單要補寄	118
補寄信用卡電子對帳單	114_1
我信用卡電子帳單不小心刪除了怎麼辦	114_1
可以重新寄一份信用卡電子帳單給我嗎	114_1
不小心刪除了EMAIL帳單可以補寄嗎	114_1
電子EMAIL帳單不見了	114_1
信用卡電子帳單不見了	114_1
可以用EMAIL補寄信用卡電子帳單給我嗎	114_1
補信用卡電子郵件帳單	114_1
mail信用卡帳單	114_1
信用卡本期寄送電子帳單	114_1
信用卡電子帳單查詢	114_1
信用卡電子帳單傳送	114_1
怎麼沒有本期電子帳單	114_1
怎麼補發信用卡電子帳單	114_1
重送電子信用卡款	114_1
信用卡重新寄送到電子信箱	114_1
電子郵件沒有收信用卡帳單	114_1
補發電子信箱信用卡帳單	114_1
補發信用卡EMAIL電子帳單	114_1
信用卡電子帳單尚未收怎麼申請	114_1
請問要怎樣申請六個月前電子對帳單	114_1
請傳11月的e帳單連結給我，謝謝	114_1
幫重新寄送電子帳單	114_1
贈送電子信用卡款	114_1
補發3月份信用卡電子帳單	114_1
電子信箱本期帳單	114_1
電子信箱沒有收	114_1
電子信箱帳單沒有收怎麼申請	114_1
電子帳單收不到	114_1
電子帳單沒收	114_1
電子帳單沒有收疑問	114_1
電子帳單怎麼沒有查詢	114_1
電子帳單常漏寄送	114_1
電子帳單排障	114_1
網路銀行補寄帳單	114_1
網路銀行補發電子帳單	114_1
傳送帳單到email	114_1
帳單改寄電子信箱	114_1
傳帳單傳到電子郵件	114_1
本期電子帳單寄送	114_1
本期電子帳單補寄	114_1
補寄信用卡簡訊對帳單	114_2
我信用卡簡訊帳單不小心刪除了怎麼辦	114_2
可以重新寄一份信用卡簡訊帳單給我嗎	114_2
不小心刪除了簡訊帳單可以補寄嗎	114_2
簡訊行動帳單不見了	114_2
信用卡簡訊帳單不見了	114_2
補信用卡簡訊郵件帳單	114_2
補寄信用卡行動對帳單	114_2
我信用卡行動帳單不小心刪除了怎麼辦	114_2
可以重新寄一份信用卡行動帳單給我嗎	114_2
不小心刪除了行動帳單可以補寄嗎	114_2
行動行動帳單不見了	114_2
信用卡行動帳單不見了	114_2
補信用卡行動帳單	114_2
本期寄送行動帳單	114_2
行動帳單尚未收怎麼申請	114_2
信用卡行動帳單查詢	114_2
信用卡行動帳單傳送	114_2
怎麼沒有本期行動帳單	114_2
怎麼補發信用卡行動帳單	114_2
重送行動信用卡款	114_2
重新寄送行動帳單	114_2
補發行動帳單	114_2
補發行動帳單信用卡款	114_2
補發消費簡訊電話帳單	114_2
網路補發信用卡簡訊帳單	114_2
幫重新寄送行動帳單	114_2
贈送行動信用卡款	114_2
麻煩重新寄送行動帳單	114_2
信用卡帳單發簡訊給我	114_2
信用卡帳單傳手機給我	114_2
簡訊沒收到信用卡帳單	114_2
信用卡帳單手機沒收到	114_2
簡訊帳單不小心刪掉	114_2
手機帳單這個月沒收到	114_2
簡訊帳單沒收到	114_2
簡訊帳單再幫我補寄	114_2
簡訊帳單遺失幫我補發	114_2
手機沒收到信用卡帳單	114_2
這個月手機帳單有寄送嗎	114_2
未收到簡訊帳單	114_2
可以補寄一份行動帳單嗎	114_2
我不小心將簡訊帳單刪除了	114_2
要求補發簡訊帳單	114_2
本期簡訊帳單補發	114_2
我要補寄簡訊帳單	114_2
我帳單要補寄簡訊	114_2
我的帳單是簡訊的要補寄	114_2
我要補寄信用卡簡訊帳單	114_2
我要補發簡訊帳單	114_2
我帳單要補發簡訊	114_2
我的帳單要補發簡訊	114_2
傳真信用卡帳單給我	117
給我傳真信用卡帳單過來	117
信用卡帳單傳真	117
信用卡帳單可以用傳真的方式給我嗎	117
傳真信用卡帳單可以嗎	117
要怎麼申請傳真信用卡帳單	117
申請傳真信用卡帳單要如何操作	117
信用卡帳單想用傳真	117
我可以收傳真請傳信用卡帳單給我	117
傳真這個月信用卡帳單給我	117
帳單可以傳真嗎	117
我想要傳真信用卡帳單	117
我要傳真信用卡帳單	117
帳單用傳真方式	117
帳單能用傳真嗎	117
如何傳真帳單	117
申請傳真帳單	117
申請傳真帳單流程	117
如何申請傳真帳單	117
傳真上期信用卡帳單	117
傳真信用卡過來	117
信用卡帳單傳真補發	117
申請傳真信用卡帳單	117
申請傳真信用卡對帳單	117
傳真信用卡對帳單	117
傳真信用卡對帳單給我	117
麻煩傳送信用卡對帳單	117
麻煩傳真信用卡對帳單給我	117
如何申請傳真信用卡對帳單	117
傳真上期信用卡對帳單	117
傳真本期信用卡帳單	117
傳真本期信用卡對帳單	117
如何傳真信用卡對帳單	117
麻煩傳真上期信用卡帳單	117
麻煩傳真本期信用卡帳單	117
麻煩傳真上期信用卡對帳單過來	117
麻煩傳真本期信用卡對帳單過來	117
麻煩傳真上期信用卡對帳單給我	117
麻煩傳真本期信用卡對帳單給我	117
傳真本期帳單	117
請傳真本期帳單	117
傳真未繳帳單	117
傳真帳單明細	117
傳真本期帳單明細	117
傳真本期未繳帳單	117
傳真本期未繳信用卡對帳單	117
請傳真信用卡對帳單	117
請傳真本期信用卡對帳單	117
請幫我傳真信用卡對帳單	117
請幫我傳真未繳信用卡帳單	117
請傳真本期信用卡帳單	117
申請帳單傳真	117
請用傳真方式給我帳單	117
信用卡帳單幫我用傳真的	117
幫我傳真帳單	117
可以用傳真方式寄帳單嗎	117
可以申請傳真補寄帳單嗎	117
麻煩幫我傳真本期帳單	117
請傳真補寄本期帳單給我	117
請幫我傳真帳單	117
請幫我傳真本期信用卡對帳單	117
麻煩幫我傳真本期信用卡對帳單	117
請幫我用傳真方式寄帳單	117
請傳真帳單給我	117
卡片帳單請幫我用傳真的	117
請傳真給我帳單	117
請傳真未繳帳單	117
請傳真未繳帳單給我	117
請傳真本期未繳帳單	117
請傳真本期應繳帳單	117
想申請傳真帳單	117
申請傳真帳單給我	117
申請本期帳單傳真	117
本期帳單幫我用傳真的	117
這個月帳單麻煩幫我用傳真的	117
用語音從玉山帳戶繳卡費	116
卡費用電話語音從玉山帳戶扣繳	116
我要用電話語音繳玉山卡款,我有玉山帳戶	116
用我的玉山帳戶透過電話語音繳信用卡帳單	116
透過電話語音從玉山戶頭繳卡費	116
卡費透過電話語音從帳戶繳	116
我有玉山帳戶，想用電話語音繳我的信用卡帳單	116
想用電話語音繳信用卡帳單	116
玉山卡費透過電話語音從帳戶繳	116
可以用玉山帳戶扣卡費嗎	116
我要用玉山帳戶扣卡費	116
我想要用玉山帳戶扣卡費	116
我的卡費想用玉山帳戶扣	116
卡費想用玉山帳戶繳	116
可以用玉山帳戶扣信用卡費嗎	116
我要用玉山帳戶扣信用卡費	116
我想要用玉山帳戶扣信用卡費	116
我的信用卡費想用玉山帳戶扣	116
信用卡費想用玉山帳戶繳	116
我想用本行帳戶透過語音繳卡費	116
我想用語音申請本行帳戶繳卡費	116
我要透過語音從本行帳戶繳卡費	116
我想用本行帳戶在語音繳卡費	116
我想用我的帳號語音繳卡費	116
我要用玉山帳戶轉帳繳玉山卡款	116
CreditCard核信用卡進度	121
e信用卡申請信用卡工作天數	121
e指辦信用卡進度	121
一般信用卡審核大概都要多久時間	121
已申辦信用卡但都沒回應	121
已經辦信用卡了想查進度	121
已經顯示製信用卡中	121
什麼時候才能核信用卡	121
信用卡中何時寄送	121
信用卡申請很久	121
信用卡要審核何時	121
信用卡進度何時	121
可以申請信用卡進度	121
可以查辦信用卡進度	121
申請pi拍錢包信用卡進度	121
申請ubear信用卡是否成功	121
申請信用卡包裹號碼	121
申請信用卡何時才可以了解通過	121
申請信用卡沒有收信用卡	121
申請信用卡狀態	121
申請信用卡花費進度	121
申請信用卡要多少工作天	121
申請信用卡要審核何時	121
申請信用卡時間多長	121
申請信用卡寄件進度	121
申請信用卡情形	121
申請信用卡無人聯絡	121
申請信用卡進度	121
申請信用卡進度不能查詢	121
申請信用卡進度好晚	121
申請信用卡進度怎麼查詢	121
申請信用卡進度認證	121
申請信用卡審核進度	121
申請但沒有收信用卡	121
申請附信用卡進度	121
申請信用卡已經段時間尚未收	121
申請信用卡不了解後續進度	121
申請信用卡申請書收	121
申請信用卡但沒有收掛號信	121
申請信用卡何時收	121
申請信用卡何時通知	121
申請信用卡所需時間	121
申請信用卡後面沒有消息	121
申請信用卡怎麼了解申請成功	121
申請信用卡寄件地址	121
申請信用卡進度疑問	121
申請書進件查詢	121
申請進度信用卡	121
申請新戶核信用卡進度	121
申辦信用卡一直沒下文	121
目前申請附信用卡要何時進度	121
收信用卡核信用卡成功通知	121
何時可以收到最近辦的新信用卡	121
何時要寄送信用卡	121
你好 請問信用卡線上申辦審核大概需要多久的時間	121
我沒收到你寄來的信用卡，是家樂福信用卡	121
我想查詢信用卡審核結果	121
沒有收信用卡	121
沒有收申請信用卡	121
沒有收新信用卡	121
沒有收實體信用卡	121
沒有核信用卡可以通知	121
尚未收ubear信用卡	121
尚未收核信用卡信用卡	121
尚未收新戶	121
附信用卡申請進度	121
附信用卡何時寄送	121
信用卡上禮拜三寄送這禮拜會收到嗎	121
信用卡已收件處理中 要大概在多久能拿到信用卡片	121
信用卡信用卡天數	121
信用卡申請何時通知	121
信用卡申請沒有消息	121
信用卡申請附信用卡工作天	121
信用卡申請信用卡何時下來	121
信用卡申請查不到進度	121
信用卡申請查詢	121
信用卡申請進度要何時	121
信用卡申請優點	121
信用卡目前沒有收	121
信用卡地址錯誤沒有收	121
信用卡何時可以收	121
信用卡何時可以收到	121
信用卡何時前往	121
信用卡何時索取	121
信用卡何時寄達	121
信用卡忘記取件	121
信用卡沒有收	121
信用卡尚未收	121
信用卡很久沒來	121
信用卡是否贈送件成功	121
信用卡要申請何時	121
信用卡核信用卡了嗎	121
信用卡核信用卡以後何時可以收信用卡	121
信用卡核信用卡何時完成	121
信用卡核信用卡最快何時	121
信用卡核信用卡進度	121
信用卡核信用卡疑問	121
信用卡寄送狀態	121
信用卡通過以後何時收信用卡	121
信用卡新戶尚未收	121
信用卡實體信用卡進度	121
信用卡審核大概多少天	121
信用卡審核天數	121
信用卡優點	121
前何時申請玉山信用卡	121
怎麼查詢核信用卡進度	121
是否申請家樂福悠遊聯名信用卡進度	121
是否收信用卡申請書	121
查詢不到核信用卡進度	121
查詢申請信用卡	121
查詢信用卡寄送	121
查詢信用卡進度	121
查詢信用卡寄送掛號郵件	121
查詢補發進度	121
查辦信用卡進度	121
為什麼信用卡申請信用卡進度顯示聯徵審核	121
為什麼辦信用卡辦這麼久	121
要是否申請信用卡成功	121
重新寄送申請信用卡	121
哪時候會核信用卡	121
哪張信用卡先核信用卡	121
核信用卡了嗎	121
核信用卡天數	121
核信用卡太久	121
核信用卡以後何時可以收信用卡	121
核信用卡成功	121
核信用卡沒有	121
核信用卡很慢	121
核信用卡查詢	121
核信用卡流程	121
核信用卡通知	121
核信用卡進度網路查詢	121
國定假日審信用卡	121
寄送新戶通知可是尚未收新戶	121
通過進度	121
發信用卡進度	121
想查詢申請信用卡的進度	121
想請問我的ubear 信用卡辦信用卡進度	121
新戶未收	121
新戶查詢信用卡申請信用卡進度	121
新戶要何時可以前往領信用卡	121
新戶核信用卡進度	121
新信用卡幫寄送	121
新用信用卡申請最快何時	121
新辦信用卡進度查詢	121
網路申請信用卡進度	121
製信用卡中最快何時寄送	121
審核中的信用卡片最慢什麼時候會拿到	121
審核信用卡進度	121
寫聯徵審核中	121
請問only信用卡 何時才能收到實體信用卡呢	121
請問申請信用卡都要很久嗎？	121
請問有收到申請信用卡的補件資料嗎？	121
請問信用卡什麼時候會寄到我家	121
請問信用卡什麼時候會寄到現居地址	121
請問信用卡申請一般需要幾天呢	121
請問信用卡核信用卡要等大約多久？	121
請問信用卡徵信審核需要多久呢	121
請問信用卡辦信用卡徵信審核需要多久呢	121
請問國民旅遊信用卡申辦天數約幾天	121
辦信用卡進度	121
辦信用卡要多久	121
辨信用卡進度	121
如何申辦信用卡目前狀態	121
查詢信用卡目前進度	121
剛申辦信用卡要多久能收到	121
多久能收到卡片	121
目前卡片進度	121
申辦卡片流程	121
申辦卡片進度	121
卡片審核進度查詢	121
尚未收到新申辦信用卡	121
申請信用卡核卡天數	121
申請信用卡要多久	121
信用卡申請進度	121
我的辦卡進度	121
辦卡進度	121
信用卡要怎麼開卡使用	123
可以幫我開卡嗎	123
麻煩幫我開卡	123
開卡要怎麼辦	123
開卡服務	123
申請卡片開卡服務	123
沒開卡怎麼申請	123
網路信用卡開卡作業	123
煩請開卡	123
使用信用卡開卡認證	123
網路可以開卡	123
開啟卡	123
新戶怎麼開卡	123
附卡開卡	123
開啟信用卡	123
我要開卡	123
我想開卡	123
我想要開卡	123
信用卡要開卡	123
我要開信用卡	123
我想開信用卡	123
我想要開信用卡	123
如何開卡	123
要去哪裡開卡	123
新戶開卡密碼	123
我剛剛有刷卡想要分期付款	132_1
可以申期分期付款嗎	132_1
昨天去家樂福的消費幫我分12期	132_1
我要分三期零利率	132_1
能不能分期付款	132_1
消費分期零利率活動	132_1
刷卡分期方式	132_1
有沒有分期付款的申請書	132_1
幫我設定分成12期	132_1
簽帳單筆分期設定	132_1
要刷卡分12期會產生什麼費用	132_1
零利率分期	132_1
消費得分優惠滿分	132_1
分期零利率設定	132_1
要設定分期	132_1
交易商品分期付款	132_1
網路申請信用卡分期零利率網路	132_1
分期輕鬆繳款	132_1
分期零利率	132_1
國外分期	132_1
什麼主動分期	132_1
信用卡單筆分期設定	132_1
分期設定	132_1
信用卡分期設定	132_1
消費得分試算	132_1
怎麼辨理分期	132_1
玉山分期零利率信用卡	132_1
網路分期	132_1
pi拍錢包信用卡分期付款	132_1
附卡要申請分期	132_1
設定卡號分期	132_1
pi拍錢包信用卡分期	132_1
信用卡國外分期	132_1
信用卡消費分期零利率	132_1
外籍人士刷卡得分	132_1
如何就此筆金額分期	132_1
查詢分期	132_1
可以使用分期付款	132_1
申報分期	132_1
哪張信用卡可以分期付款	132_1
一般分期	132_1
信用卡分期	132_1
我要信用卡分期	132_1
信用卡有零利率分期嗎	132_1
信用卡分期怎麼申請	132_1
設定信用卡分期	132_1
我要設定信用卡分期	132_1
我的信用卡要分期	132_1
信用卡分期付款幾期	132_1
申請帳單分期服務	132_2
信用卡繳款帳單分期	132_2
申請帳單分期要查詢是否申請成功	132_2
帳單不能分期	132_2
帳單轉分期	132_2
信用卡可用餘額分期	132_2
申請分期信用卡款	132_2
帳單消費分期	132_2
申請本期信用卡款分期付款	132_2
帳單消費分期設定方法	132_2
信用卡帳單分期申請進度	132_2
要使用網路帳單分期	132_2
雙幣信用卡帳單分期	132_2
我帳單想分期	132_2
這期帳單可以分期嗎	132_2
我要帳單分期	132_2
申請帳單分期	132_2
帳單怎麼分期	132_2
帳單可以分期嗎	132_2
帳單分期有利息嗎	132_2
帳單分期的條件	132_2
怎麼申請帳單分期	132_2
如何申請帳單分期	132_2
信用卡帳單如何申請分期	132_2
帳單分期有額度限制嗎	132_2
保單分12期 使用PI有1.5%回饋嗎	132_3
pi拍錢包信用卡首期要怎麼登錄	132_3
pi拍錢包信用卡產險分期	132_3
pi拍錢包信用卡扣繳	132_3
pi拍錢包信用卡認同卡保費分期	132_3
pi拍錢包信用卡分期零利率	132_3
pi拍錢包信用卡壽險	132_3
pi拍錢包信用卡認同卡分期	132_3
p幣卡保費分期	132_3
PI卡保費活動	132_3
PI卡有保費分期零利率嗎	132_3
PI卡保費回饋	132_3
PI卡扣保費活動	132_3
pi卡繳保費	132_3
PI卡保險分期怎麼登錄	132_3
PI卡保險分期還有回饋嗎	132_3
PI卡刷保險如果分12期還有回饋嗎	132_3
PI卡有保險分期活動嗎	132_3
PI卡怎麼登錄分期活動	132_3
用PI卡刷保險如果分期還有回饋1.5%嗎	132_3
如果用PI卡刷保險可以參加分期嗎	132_3
如果用PI卡刷保險登陸分期還有給回饋嗎	132_3
PI卡刷所有保險都可以分期嗎	132_3
如果之前已經登錄過PI卡保險分期還要登嗎	132_3
刷pi拍錢包信用卡所有保險都可以分期嗎	132_3
如果刷pi拍錢包信用卡付保費可以分期嗎	132_3
用PI卡刷保費一定要分期才會給1.5%回饋嗎	132_3
公務人員國民旅遊卡保費學費分期設定	132_4
公務人員國民旅遊卡分期登錄	132_4
公務人員國民旅遊卡零利率分期優惠	132_4
公務人員國民旅遊卡十期	132_4
公務人員國民旅遊卡單筆分期設定	132_4
國民旅遊分期付款	132_4
公務人員國民旅遊卡單筆分期	132_4
國旅卡可以分期嗎	132_4
國旅卡消費分期	132_4
國旅卡零利率分期	132_4
國旅卡設定分期	132_4
國旅十期	132_4
國旅卡分期	132_4
國民旅遊卡如何申請分期免利登錄	132_4
國民旅遊卡保費設定分期期數	132_4
國民旅遊卡分期優惠活動查詢	132_4
國旅卡單筆分期享零利率優惠	132_4
國旅卡消費享分 10 期零利率優惠	132_4
公務人員國旅卡最新分期優惠	132_4
國民旅遊卡免息分期活動	132_4
刷國民旅遊卡要分期	132_4
刷國旅卡分期還有回饋嗎	132_4
刷國旅卡設定分期還可以請領補助嗎	132_4
用國旅卡刷醫療費用可以分期嗎	132_4
公務人員國民旅遊卡分期零利率活動	132_4
請問我要申請南山人壽的卡分期12期要怎麼處理	132_5
南山悠遊聯名卡分期零利率	132_5
南山扣繳	132_5
南山首期要怎麼登錄	132_5
南山認同卡保費分期	132_5
南山人壽繳款分期	132_5
請問玉山南山聯名卡有12期0利率嗎	132_5
南山分期申請	132_5
南山保費登錄分期	132_5
南山聯名卡分期利息	132_5
南山聯名卡分期活動	132_5
南山聯名卡分期回饋	132_5
南山聯名卡繳保費	132_5
南山保費分期	132_5
南山保費分期折扣	132_5
南山卡要分期	132_5
南山卡保費分期	132_5
南山聯名卡分期登錄	132_5
南山聯名卡保費分期活動	132_5
南山聯名卡保費分期有回饋嗎	132_5
南山聯名卡刷保險可以分幾期	132_5
南山聯名卡多少錢的保費可以分期	132_5
南山聯名卡如果分期可以提前結清嗎	132_5
南山聯名卡刷保險以外可以分期免息嗎	132_5
南山卡扣繳保費分期	132_5
刷卡繳保費單筆滿額享 8 期 / 12 期 0 利率分期	132_6
保費分期有限哪家保險	132_6
請問玉山only卡 是否使用保費分期 0利率	132_6
保費分期	132_6
三商美邦保費分期	132_6
不是南山可以分期	132_6
分期車險	132_6
汽車保險分期	132_6
分期扣繳保費	132_6
保費分期可用信用卡	132_6
分期繳款保費	132_6
only卡可以辦保費分期嗎？	132_6
旅遊平安險分期設定	132_6
玉山信用卡繳款保費	132_6
保費零利率信用卡	132_6
怎麼分期保費	132_6
玉山卡繳款保費	132_6
保險就愛消費玉山卡分期零利率	132_6
信用卡繳款保費	132_6
扣保費	132_6
保費分期申請	132_6
保費12期零利率申請	132_6
查詢保費分期	132_6
保費分期只有南山	132_6
保險金額信用卡分期	132_6
保費12期	132_6
保費繳款分期	132_6
現在還有保險分期？	132_6
保費登入	132_6
產險分期	132_6
信用卡繳款學費分期活動	132_7
輕鬆優惠繳款學費	132_7
學費紅利折抵	132_7
學費分期登錄	132_7
國旅學費分期	132_7
請問我剛剛刷卡繳學費，那筆費用可以分期嗎	132_7
家樂福icash聯名卡繳款學費	132_7
怎麼申請學費信用卡分期	132_7
查詢學費分期	132_7
學費登錄分期	132_7
公務人員國民旅遊卡分期學費	132_7
消費學雜費	132_7
學雜費零利率登錄	132_7
信用卡繳學費活動	132_7
我要登錄學費活動	132_7
信用卡繳學費有活動嗎	132_7
學費要分期	132_7
學費想分期	132_7
學費想要分期	132_7
信用卡繳學費有零利率分期嗎	132_7
信用卡繳學費有零利率活動嗎	132_7
信用卡繳學費優惠	132_7
信用卡繳學費折扣	132_7
信用卡繳學費分期	132_7
信用卡繳學費限制	132_7
預借現金	133_1
要怎麼使用atm預借現金	133_1
預借現金匯到帳戶	133_1
信用卡可以預借現金嗎	133_1
可以用信用卡借錢嗎	133_1
要怎麼使用信用卡預借現金	133_1
預借現金設定方式	133_1
我想要用信用卡預支一筆錢	133_1
信用卡預借現金使用方式	133_1
什麼信用卡可以預借現金	133_1
信用卡國外提款	133_1
信用卡提款	133_1
信用卡預借現金資格	133_1
信用卡預借現金繳款	133_1
信用卡錢貸款	133_1
怎麼信用卡錢預支	133_1
玉山卡怎麼預借現金	133_1
國內國外預借現金差異地方什麼	133_1
國外日光錢不夠怎麼預借現金	133_1
國外信用卡atm預借現金	133_1
國外信用卡提款	133_1
國際組織提款	133_1
信用卡卡預借現金	133_1
信用卡預支錢	133_1
信用卡預支錢密碼設定	133_1
信用卡預支錢開啟	133_1
預借現金atm	133_1
預借現金什麼	133_1
預借現金分行	133_1
預借現金分期要電洽客服	133_1
預借現金手續費告訴	133_1
預借現金世界卡	133_1
預借現金使用方法	133_1
預借現金怎麼申請	133_1
申請預借現金密碼	133_2
atm預借現金密碼	133_2
申請預借現金密碼	133_2
設定預借現金密碼	133_2
我要申請預借現金密碼	133_2
信用卡預借現金密碼申請	133_2
信用卡預借新金密碼設定	133_2
預借現金密碼設定	133_2
信用卡提領密碼設定	133_2
ATM預借現金	133_2
ATM預借現金設定	133_2
信用卡借錢設定	133_2
線上預借現金	133_2
預借現金密碼忘記	133_2
預借現金密碼查詢	133_2
預借現金密碼重設	133_2
預借現金密碼申請	133_2
預借現金密碼鎖住	133_2
atm預借現金密碼忘記	133_2
atm預借現金密碼查詢	133_2
atm預借現金密碼重設	133_2
信用卡借錢的密碼	133_2
忘記ATM信用卡借錢密碼	133_2
重設信用卡預借密碼	133_2
線上預借現金密碼忘記	133_2
預借現金會有什麼費用	133_3
除了借款金額還有什麼其他費用要繳嗎	133_3
預借現金手續費要收多少	133_3
預借現金利息是多少	133_3
預借現金要加收多少錢	133_3
預借現金要多付多少錢	133_3
ATM預借手續費怎麼計算	133_3
網路預借手續費怎麼計算	133_3
ATM預借手續費收多少	133_3
網路預借手續費收多少	133_3
預借現金會有費用嗎	133_3
預借現金會有手續費嗎	133_3
國內外預借現金手續費差異	133_3
信用卡預借現金會收手續費嗎	133_3
預借現金手續費	133_3
預借現金手續費怎麼收	133_3
預借現金手續費多少	133_3
預借現金利息多少	133_3
預借現金手續費多少錢	133_3
信用卡預借手續費	133_3
國外預借現金手續費	133_3
國外預借現金手續費如何收費	133_3
國外預借現金手續費怎麼收取	133_3
預借現金手續費如何計算	133_3
預借現金有手續費嗎	133_3
我要預借現金可以借多少	134
查詢目前預借現金借了多少	134
信用卡預借現金還有多少額度可以使用	134
要怎麼知道我還有多少額度可以預借	134
幫我查預現還有多少	134
不知道預借現金額度	134
做預借現金額度的查詢	134
我的預借現金總額度是多少	134
預借現金有額度限制嗎	134
信用卡額度可以借多少	134
國外預借現金額度	134
預借現金額度查詢方法	134
信用卡可以借多少	134
查詢預借現金額度	134
預借現金額度有多少	134
還能預借多少	134
還能預借現金多少	134
為什麼不能預借現金	134
預借額度查詢	134
可以預借現金嗎	134
可借用現金	134
申請借用現金額度	134
借用現金查詢	134
我要預借現金	134
卡片借用現金	134
忘記國旅卡檢核系統密碼	136
國旅卡系統密碼忘記	136
忘記國旅卡帳號密碼	136
要怎麼重新設定檢核系統帳密	136
檢核系統帳密重設	136
要怎麼重新申請國旅卡密碼	136
國旅補助系統密碼忘記了	136
公務人員檢核系統帳密重設	136
不知道公務人員檢何系統密碼	136
國旅卡查詢網站密碼錯誤3次如何解鎖	136
國旅檢核系統登入資料鎖住	136
公務人員國民旅遊卡密碼怎麼重新設定	136
變更公務人員國民旅遊卡密碼	136
國旅卡密碼重設	136
檢核系統密碼忘記	136
檢核系統密碼查詢	136
國旅卡密碼設定	136
國旅卡密碼忘記	136
國旅卡密碼查詢	136
國民旅遊卡忘記帳號密碼	136
如何重設國民旅遊卡帳密	136
檢核系統密碼重設	136
檢核系統預設密碼	136
如何重新找回檢核系統密碼	136
國旅卡檢核密碼忘記	136
你們有免費道路救援嗎	#32
刷多少錢可以免費道路救援	#32
道救	#32
國旅卡可以免費道路救援嗎	#32
我需要車子拖吊服務	#32
道路救援有哪些服務	#32
怎樣可以使用道路救援服務	#32
only卡有拖吊服務嗎	#32
要怎麼拖吊	#32
拖吊服務是免費的嗎	#32
我的汽車要拖吊到維修廠	#32
道救車號登記	#32
幫我申請道路救援	#32
我要道路救援	#32
我現在要拖吊	#32
我車子可以拖吊嗎	#32
道路救援條件	#32
道路救援區域	#32
車子壞掉求救	#32
車子被拖吊	#32
我現在需要拖吊	#32
怎麼登錄道錄救援	#32
車子需要拖吊	#32
我的卡片可以拖吊嗎	#32
我的卡片可以登錄道救嗎	#32
請問有免費拖吊	#32
我的卡片拖吊條件是什麼	#32
道路救援可以登錄幾台車	#32
請問紅利點數要如何兌換	14_1
紅利點數兌換有問題	14_1
如何兌換航空里程	14_1
超商可以換紅利點數嗎	14_1
我的紅利點數要如何兌換商品	14_1
紅利點數可以兌換什麼東西	14_1
紅利點數要怎麼兌換超商商品	14_1
我要兌換紅利	14_1
紅利點數能兌換現金嗎	14_1
紅點要如何兌換	14_1
公司紅利	14_1
紅利扣繳	14_1
信用卡紅利兌換申請書	14_1
超商紅利商品	14_1
紅利交換	14_1
紅利兌換郵購訂購單公司	14_1
哩程回饋	14_1
紅利公司	14_1
紅利可以折抵帳單	14_1
公司卡紅利	14_1
語音兌換紅利	14_1
信用卡紅利使用	14_1
兌點	14_1
信用卡紅利專區	14_1
變更紅利	14_1
兌換超商商品	14_1
紅利專區	14_1
語音紅利兌換	14_1
公司信用卡紅利兌換	14_1
電子帳單贈送紅利可以幹什麼	14_1
網路紅利專區	14_1
超商兌換	14_1
超商商品兌換	14_1
提供紅利兌換方法	14_1
紅利199	14_1
超商兌換紅利	14_1
紅利兌換失敗	14_1
紅利兌換超商	14_1
紅利兌換方法哪種	14_1
歡樂199	14_1
紅利航空	14_1
紅利商品	14_1
電話版可兌換紅利	14_1
語音兌換紅利商品	14_1
點數說明	14_1
國外要停車怎麼使用	14_2
機場周邊免費停車疑問	14_2
查詢是否符合機場周圍免費停車	14_2
桃機停車優惠	14_2
桃園機場特約停車場	14_2
機場停車預約	14_2
停車場配合廠商	14_2
刷卡機場周圍停車	14_2
連勝外圍停車	14_2
嘟嘟房中正旗艦站地址	14_2
晶緻卡班機停車	14_2
外圍停車優惠價	14_2
團費80%停車	14_2
外圍停車優惠怎麼申請	14_2
機場附近停車優惠	14_2
大鵬外圍停車	14_2
國外要停車	14_2
松山機場優惠停車	14_2
申請出國免費停車	14_2
要預約桃園連勝	14_2
請問刷卡買國內機票至金門，可否免費約定機場外圍停車場呢	14_2
國外停車場要預約	14_2
信用卡出國停車場服務	14_2
怎麼可以外圍停車	14_2
信用卡免費外圍停車	14_2
國內機場停車優惠	14_2
桃園機場停車服務	14_2
玉山公務人員國民旅遊卡是否使用外圍停車優惠	14_2
機場外圍停車的條件	14_2
機場外圍停車可以停幾天	14_2
松山機場有配合的停車場嗎	14_2
清泉崗機場有配合的停車場嗎	14_2
桃園機場目前配合哪些停車場	14_2
小港機場目前配合哪些停車場	14_2
清泉崗機場目前配合哪些停車場	14_2
松山機場目前配合哪些停車場	14_2
機場貴賓廳	14_3
玉山pi卡刷滿2萬旅費申請龍騰卡若使用貴賓室需要付費嗎	14_3
貴賓卡優惠	14_3
機場貴賓室白金卡	14_3
龍騰卡次數	14_3
機場貴賓室使用疑問	14_3
消費機票機場貴賓室	14_3
機場貴賓室	14_3
機場貴賓席優惠	14_3
是否機場貴賓室使用	14_3
機場貴賓室國外機票	14_3
貴賓室是配合哪間	14_3
我卡片可以使用貴賓室嗎	14_3
信用卡可以使用貴賓室嗎	14_3
信用卡可以免費使用貴賓室嗎	14_3
國內旅遊可以使用貴賓室嗎	14_3
免費使用貴賓室的條件	14_3
貴賓卡有實體卡嗎	14_3
刷國內機票可以使用貴賓室嗎	14_3
刷國外機票可以使用貴賓室嗎	14_3
我的信用卡可用vip室嗎	14_3
哪裡有機場貴賓室可用	14_3
我的信用卡怎麼使用貴賓室	14_3
怎麼申請貴賓卡	14_3
我的信用卡要刷多少才可以用貴賓室	14_3
vip卡怎麼申請	14_3
機場貴賓卡怎麼申請	14_3
刷團費可以用機場貴賓室嗎	14_3
刷機票可以用機場貴賓室嗎	14_3
刷團費可以用幾次機場貴賓室	14_3
刷機票可以用幾次機場貴賓室	14_3
使用機場貴賓室要付錢嗎	14_3
哪些卡可以免費使用機場貴賓室	14_3
沒有刷機票可以使用機場貴賓室嗎	14_3
沒有刷團費可以使用機場貴賓室嗎	14_3
機場貴賓室怎麼收費	14_3
附卡旅遊平安險	14_4
理賠身分	14_4
消費贈送旅遊平安險	14_4
信用卡旅遊險	14_4
刷卡機票意外險	14_4
怎麼消費申請免費旅遊平安險	14_4
旅遊險是否提前登錄	14_4
消費飛機票保險	14_4
信用卡機票保險	14_4
消費申購機票提供保險	14_4
旅遊險是否登錄	14_4
信用卡提前消費訂金再消費可用餘額可以符合旅遊平安險	14_4
信用卡支付團費保險	14_4
團費消費贈送保險	14_4
出國刷玉山卡有保險嗎	14_4
信用卡旅平險	14_4
出國刷信用卡有保險嗎	14_4
信用卡旅平險保額多少	14_4
信用卡旅遊平安險	14_4
贈送旅遊保險	14_4
贈送旅平險	14_4
贈送不便險	14_4
持卡享有保險	14_4
機票刷卡保險	14_4
出國保險	14_4
市區停車優惠查詢	14_5
開車停車優惠	14_5
紅利折抵市區停車	14_5
聯通停車優惠	14_5
哪種卡市區停車服務	14_5
南山悠遊聯名卡市區停車	14_5
市區停車優惠次數查詢	14_5
市區停車優惠資格	14_5
停車3小時	14_5
市內停車	14_5
市區停車	14_5
國內聯通停車	14_5
國內聯通紅利	14_5
要市區停車	14_5
我的卡片的市區停車條件是什麼	14_5
我這個月可以市區停車嗎	14_5
我卡片可以停嘟嘟房嗎	14_5
我卡片可以停台灣聯通嗎	14_5
市區停車資格我符合嗎	14_5
免費市區停車可以停幾小時	14_5
我的信用卡可以免費市區停車嗎	14_5
信用卡要怎樣才可以免費市區停車	14_5
免費市區停車的條件是什麼	14_5
市區停車跟哪幾家配合	14_5
可以用紅利折抵市區停車嗎	14_5
機場接送	151
機場接送卡別	151
我的卡可以預約機場接送嗎	151
到府接送去機場	151
機接	151
送我去機場	151
信用卡消費機場接送	151
查詢信用卡是否還有免費預約機場接送次數	151
叫車輛服務	151
桃園機場機場接駁	151
機場接送優惠特約	151
機場叫車輛	151
查詢機場接送免費	151
國外免費機場接送	151
怎麼使用機場機場接送	151
刷卡機場機場接送	151
機場接駁服務	151
信用卡可以預約機場接送	151
信用卡優惠機場接送	151
機場接送價錢	151
機場接送服務什麼資格	151
機場機場接送	151
信用卡機場接送介紹	151
紅利兌換機場接送	151
機場接送要哪張信用卡	151
國外是否機場接送	151
教師卡機場接送	151
機場免費機場接送資格	151
怎麼叫機場接送	151
國外機場接送	151
機場贈送接	151
機場接送查詢	151
出國機場接送	151
獲得機場接送	151
機場接駁	151
接駁車價格	151
如何獲得機場接駁	151
機場接駁條件	151
辦卡享有機場接駁	151
信用卡機場接駁	151
出國機場接駁	151
機場接駁限制	151
機場接駁多少錢	151
機場接送服務	151
我的卡片能享有哪種接送	151
自費接送	151
卡片專屬接送	151
卡片專屬接送優惠	151
機場接送價格	151
機場接送優惠價	151
我要預約機場接送	151
到府接送去機場	152
接送機場服務申請	152
送我去機場	152
我要預約接機	152
我要預約送機	152
預約接送	152
預約接機	152
預約送機	152
我要預約接送	152
我要預約機場接送	152
可以電話這邊約機場接送嗎	152
我的卡片有符合機場接送資格嗎	152
多久前要網路預約接送	152
我有在網路預約接送要變更資料在哪裡改	152
我有在網路預約接送要取消接送在哪裡改	152
網路預約機場接送服務	152
機場接送網路預約	152
線上預約機場接送	152
網路預約到府接送去機場	152
網路預約機接服務	152
預約機場接送	152
如何預約機場接送	152
怎麼預約機場接送	152
我想預約機場接送	152
機場接送的費用	152
查詢帳戶餘額	211
帳戶還有多少餘額	211
想查戶頭裡面的錢	211
我的玉山帳戶裡面有多少錢	211
帳戶裡的金額多少	211
多少錢在帳戶裡面	211
我想查我帳戶裡面有多少錢	211
要如何知道帳戶裡面有多少錢	211
想查玉山帳戶餘額	211
要怎麼查詢本人帳戶錢多少	211
存款可用餘額	211
台幣餘額還有多少	211
是否可以幫我查詢帳戶可用餘額	211
可查帳戶可用餘額	211
要怎麼查詢台幣存款	211
台幣帳戶台幣可用餘額	211
查詢帳戶中可用餘額	211
要怎麼查詢玉山存摺帳戶可用餘額還有多少	211
存款查詢	211
台幣帳戶查詢	211
查詢存款	211
要查詢台幣帳戶存摺還有多少	211
存款帳戶多少錢	211
存款餘額查詢	211
帳戶餘額查詢	211
支存待補票	212
今天待補票多少	212
票款還要補多少 	212
支票要補的金額	212
支票待補票金額查詢	212
怎麼查支票要補多少	212
支票補多少	212
今天支票要補多少錢進去	212
要怎麼查支票待補金額多少	212
支票待補金額要怎麼查	212
今天待補支票金額多少	212
待補票款查詢可以透過客服嗎	212
查詢支存待補支票金額方法	212
查詢支存不夠的金額	212
待補票款查詢要哪裡申請	212
票款還要補發多少	212
支票待補金額要去哪裡申請查詢	212
可以透過電話查詢待補支票金額	212
待補支票金額要哪裡申請查詢	212
查詢支存不夠金額	212
查詢支票待補錢	212
今天補票金額	212
今天票要補多少	212
查詢今天補票金額	212
今天補票金額	212
支存帳單	213
沒收到這個月的支存對帳單	213
寄給我紙本的支存帳單	213
支存帳戶交易明細查詢	213
查詢支存交易內容	213
昨天的支存明細請查詢	213
我要怎麼透過網路查詢我的支存對帳單	213
甲存對帳單申請	213
可以傳真支存對帳單給我嗎	213
支存帳單傳真	213
傳真支存帳單	213
存款明細傳真	213
傳真存款明細	213
支票帳單使用傳真	213
申請傳真支票存款對帳單	213
存款明細可以傳真給我嗎	213
我可以用傳真索取存款明細嗎	213
我想要傳真存款明細	213
存款明細可不可以傳真給我	213
存款明細方便傳真給我嗎	213
方便傳真存款明細給我嗎	213
請傳真存款明細到25869413	213
我想要查我的外幣存款明細	213
存款明細可以用傳真的嗎	213
傳真索取存款明細	213
傳真昨天的存款明細給我	213
我想要最近一個月的存款明細	213
我要查存款明細	213
存款明細可以用傳真提供嗎	213
可以用傳真提供存款明細嗎	213
你們有提供存款明細傳真嗎	213
你們有沒有存款明細傳真	213
你們有辦法傳真我的存款明細給我嗎	213
你可以傳真我的存款明細給我嗎	213
我要索取存款明細傳真	213
傳真存款明細給我	213
你們有沒有存款明細傳真的功能	213
存款明細傳真功能	213
我想要索取存款明細傳真	213
傳真給我存款明細	213
傳真我的存款明細給我	213
我的存款明細請傳真給我	213
請提供我的存款明細傳真	213
存款明細可否用傳真提供	213
存款明細有提供傳真版本嗎	213
存款明細紙本傳真	213
傳真紙本存暖明細	213
趕快傳真存款明細給我	213
存款明細快點傳來	213
快點傳來存款明細	213
支票存款對帳單傳真	213
傳真支票存款對帳單	213
支票存款對帳單可以傳真給我嗎	213
我可以用傳真索取支票存款對帳單嗎	213
我想要傳真支票存款對帳單	213
支票存款對帳單可不可以傳真給我	213
支票存款對帳單方便傳真給我嗎	213
方便傳真支票存款對帳單給我嗎	213
請傳真支票存款對帳單到25869413	213
我想要查我的外幣支票存款對帳單	213
語音轉帳到玉山帳戶	221
用電話轉帳到玉山帳戶	221
要怎麼用電話轉帳到玉山帳戶	221
電話可以轉帳給其他玉山顧客嗎	221
我要用電話轉帳給本行其他顧客	221
我要透過電話語音轉帳到玉山帳戶	221
電話銀行本行轉帳	221
電話銀行轉帳玉山	221
電話轉帳到玉山	221
電話轉帳到玉山帳戶	221
我要語音轉帳到玉山	221
我要電話轉帳到玉山	221
我要使用語音轉帳	221
語音本行轉帳	221
用電話轉帳玉山轉玉山	221
我要台幣轉帳到玉山	221
我想要轉帳給我朋友玉山的帳號	221
轉帳到玉山	221
我要轉一筆錢到玉山	221
我要跨行轉帳一百萬到玉山	221
我要轉一百萬到玉山	221
我要用語音轉帳到玉山	221
我可以用語音轉帳到玉山嗎	221
我可以在電話上轉帳到玉山嗎	221
我可不可以透過電話轉帳一百萬到玉山	221
語音轉帳到別家帳戶	222
用電話轉帳到別家帳戶	222
要怎麼用電話轉帳到他行	222
電話可以轉帳到其他銀行嗎	222
用電話轉帳玉山轉中信	222
我有約定語音跨行轉帳	222
我要轉帳到國泰帳戶	222
電話銀行跨行轉帳	222
電話跨行轉帳方式	222
電話轉帳到國泰	222
我要語音轉帳到其他銀行	222
我要電話轉帳到其他銀行	222
語音轉帳到別家銀行	222
語音跨行轉帳	222
我要語音跨轉	222
我要使用語音轉帳	222
如何使用語音轉帳到跨行	222
我想轉帳到國泰	222
我要台幣轉帳到中信	222
我想要轉帳給我朋友中信的帳號	222
我要跨行轉帳給我朋友	222
我要轉帳到非本行的帳號	222
轉帳給其他銀行	222
轉帳到其他銀行帳戶	222
我要跨轉	222
轉定存	224
想要申請台幣定存	224
要怎麼申請定存	224
定存如何辦	224
如何線上辦理定存	224
有一筆錢想申請定存	224
申請整存整付	224
申請存本取息	224
我有一筆資金想申請定期存款	224
綜轉定	224
電話是否可以申請台幣定存	224
申請定存是否可以委託家人申請	224
定存要怎麼申請	224
怎麼活期轉定存	224
申請台幣定存的方法	224
定存功能哪裡	224
要台幣定存	224
沒有印鑑可以定存	224
怎麼活存轉定存	224
怎麼承做台幣定存	224
台幣定存申請方法	224
台幣轉帳定存	224
要怎麼申請台幣綜存轉帳定存	224
要定存要哪裡登入	224
綜合存款轉定存	224
變更語音密碼	235
語音初始密碼要如何變更	235
要如何變更語音初始密碼	235
是不是要變更語音初始密碼才能用	235
改語音密碼4位數	235
4位數字語音密碼修改	235
想改語音密碼	235
語音密碼變更方式	235
語密變更	235
語音密碼想要變更	235
申請電話語音密碼以後可以請客服變更嗎	235
新戶語音密碼要怎麼申請變更	235
為什麼電話語音密碼不能使用	235
語音密碼首次要怎麼變更	235
語音密碼一定變更	235
電話語音密碼變更步驟	235
要怎麼申請變更新戶語音密碼	235
語音密碼忘記	235
語音密碼錯誤三次	235
我要變更語音密碼	235
申請語音密碼	235
想要變更語音密碼	235
不會變更語音密碼	235
語音密碼變更流程	235
可以變更語音密碼嗎	235
貸款要繳多少錢	242
我這期貸款要繳多少	242
信貸應繳金額	242
貸款哪一天扣款呢	242
哪一天會扣貸款費用	242
想問貸款金額跟扣款日	242
信貸繳款金額與日期是多少	242
信貸款繳要繳多少錢	242
我有你們家的貸款要繳多少	242
我想繳你們家的貸款	242
信貸扣款日查詢方法	242
貸款當期繳款日期	242
查詢信貸貸款截止日	242
一定要前往玉山分行才可以查詢玉山信貸扣款日嗎	242
查詢玉山信貸扣款日	242
網路上可以查詢信貸扣款日嗎	242
要查詢貸款繳款日期	242
本期貸款何時扣款	242
我這期貸款要繳多少錢	242
線上查詢當期貸款金額	242
語音查詢當期貸款金額	242
查詢貸款繳費期限	242
查詢貸款繳費截止日	242
這期貸款多少錢	242
這期貸款要繳多少	242
數位帳戶有什麼優惠	31_1
你們數位帳戶有存款利率優惠嗎	31_1
數位帳戶有幾次轉帳優惠	31_1
數位帳戶有幾次提款優惠	31_1
要怎麼申請數位帳戶	31_1
數位帳戶可以轉帳嗎	31_1
數位帳戶可以扣貸款嗎	31_1
數位帳戶可以扣水電費嗎	31_1
沒信用卡如何申請數位帳戶	31_1
沒有自然人憑證如何申請數位帳戶	31_1
數位帳戶無法轉帳怎麼辦	31_1
數位帳戶為什麼不能轉帳	31_1
數位帳戶扣玉山卡款有什麼優惠	31_1
數位帳戶利率是多少	31_1
信用卡要持有多久才可申請數位帳戶	31_1
數位帳戶的金融卡什麼時候寄出	31_1
數位帳戶金融卡收到要開卡嗎	31_1
數位帳戶金融卡可以取消簽帳功能嗎	31_1
數位帳戶有存摺嗎	31_1
數位帳戶金融卡可以寄到分行嗎	31_1
我有一般存款帳戶還可以辦數位帳戶嗎	31_1
數位帳戶可以連結PAYPAL服務嗎	31_1
數位帳戶可以辦理約定帳號嗎	31_1
數位帳戶可以當交割戶嗎	31_1
網路怎麼開戶	31_1
無卡提款	31_2
指紋提款	31_2
掃臉提款	31_2
開通行動無卡提款	31_2
ATM無卡提款	31_2
個人網銀無卡提款	31_2
行動提款限額	31_2
無卡提款申請	31_2
無卡提款驗證	31_2
無卡提款方式	31_2
提款序號	31_2
當日提款序號	31_2
取消無卡提款	31_2
無卡提款忘記密碼	31_2
認證密碼重設	31_2
行動無卡提款	31_2
ATM無卡提款操作流程	31_2
如何無卡提款	31_2
沒卡片可以提款嗎	31_2
怎麼申請無卡提款	31_2
如何申請無卡提款	31_2
無卡提款的申請方式	31_2
你們有無卡提款嗎	31_2
沒有金融卡可以提款嗎	31_2
提款一定要金融卡嗎	31_2
申請網銀開通	31_3
忘記網銀帳密	31_3
如何申請網路銀行	31_3
我忘記了網路銀行的帳號跟密碼	31_3
網銀的帳號密碼都忘記了	31_3
網銀要怎麼用	31_3
要怎麼用網路銀行	31_3
開通網銀	31_3
網銀轉帳怎麼轉	31_3
怎麼用網銀轉帳	31_3
請問我要網上活存轉定存怎麼做	31_3
網路銀行申請	31_3
使用者名稱忘記	31_3
使用這密碼忘記	31_3
忘記使用這名稱密碼	31_3
忘記使用者名稱	31_3
忘記使用者密碼	31_3
忘記密碼	31_3
密碼更改	31_3
網路銀行密碼變更	31_3
網銀密碼更改	31_3
網銀帳號更改	31_3
網銀操作步驟	31_3
如何使用網銀	31_3
網銀app下載	31_3
玉山卡買淘寶	31_4
玉山電子支付	31_4
淘寶付款方式	31_4
付款手續費	31_4
淘寶身分驗證	31_4
E.SUN PAY	31_4
淘寶附款額度上限	31_4
跨境買賣問題	31_4
淘寶刷卡驗證	31_4
刷卡驗證碼	31_4
刷卡1%手續費	31_4
淘寶已退款但我沒有收到	31_4
為什麼身份證顯示身份證不可使用	31_4
為什麼行動電話驗證不過	31_4
我身份證輸入正確還是無法認證	31_4
購買淘寶顯示我一年以上沒消費要做身份證驗證	31_4
信用卡刷卡購買淘寶要多少手續費	31_4
淘寶退款	31_4
淘寶身分證驗	31_4
淘寶額度如何提高	31_4
淘寶額度提高	31_4
淘寶怎麼買	31_4
淘寶退款進度	31_4
淘寶退款帳號設定	31_4
淘寶退款要多久	31_4
PayPal如何提領	31_5
PayPal申請提領	31_5
PayPal提領	31_5
玉山全球通	31_5
玉山全球通提領	31_5
玉山全球通申請	31_5
PayPal提領手續費	31_5
PayPal轉換的幣別	31_5
PayPal申請方法	31_5
PayPal提領時間	31_5
PayPal連結方式	31_5
PayPal提領到他行帳戶	31_5
外國人可以使用玉山全球通	31_5
PayPal手續費	31_5
PayPal認證問題	31_5
PayPal提領要多久	31_5
PayPal客服	31_5
PayPal跨提	31_5
PayPal提領要手續費嗎	31_5
PayPal款項要提領	31_5
PayPal要提領款項	31_5
PayPal要領錢	31_5
PayPal的錢要領出來	31_5
PayPal有錢要領出來	31_5
PayPal的錢怎麼領出來	31_5
想申請信用卡貸款	131
卡友貸申請方式	131
信用卡貸款申請	131
卡貸怎麼申請	131
友貸可以貸多少	131
卡友貸可以貸多少	131
可以用信用卡貸款嗎	131
有信用卡要怎麼貸一筆錢出來	131
我是玉山卡友，我有資金需求	131
圓夢	131
卡友貸最少額度	131
卡友貸網路申請	131
卡友貸商機轉帳介	131
信用卡貸款分期	131
卡友貸額度利率審核	131
申請預借現金分期	131
卡友貸申方法	131
卡友貸疑問	131
信用卡信貸	131
玉山卡友貸申請說明	131
卡友貸款	131
玉山卡貸款	131
卡片信貸	131
卡友貸款額度上限	131
如何申請卡友貸款	131
車輛毀損可以前往幫忙嗎	#31
行遍天下	#31
路上爆胎求救	#31
車子被拖吊求救	#31
我要道路救援	#31
我現在要拖吊	#31
我要接水	#31
我要接電	#31
路上拋錨了怎麼辦	#31
車子拋錨	#31
登錄道路救援	#31
免費道路救援次數	#31
高速公路拋錨	#31
我需要拖吊服務	#31
車子發不動需要拖吊	#31
行遍天下電話	#31
行遍天下服務專線	#31
行遍天下服務時間	#31
拖吊電話	#31
拖吊服務登錄	#31
爆胎需要拖吊服務	#31
免費拖吊	#31
免費拖吊電話	#31
高速公路拖吊	#31
我需要緊急拖吊服務	#31
網路無法預約接送	153
為什麼無法預約接送	153
接送沒辦法約怎麼辦	153
網站不能接送阿	153
可以用人工幫我預約接送嗎	153
一定要用網路才能約接送嗎	153
網路不給我約接送	153
沒有網路要怎麼約接送	153
人工預約機場機送	153
機場接送人工處理	153
專人預約機場接送	153
ego電話專線	153
ego	153
專人預約接送	153
人工預約機場接送	153
人工預約接送	153
e-go 台灣觀光巴士	153
網路不能用幾場接送免費次數	153
網路無法預約完成	153
網路無法更動預約內容	153
我想變更機場接送預約	153
如何變更機場接送預約	153
ego聯絡電話	153
我想要取消幾場接送	153
班機取消所以要取消預約機場接送	153
證券客服	42
要怎麼買股票	42
我要買股票	42
玉山證券客服專線	42
交割帳戶	42
玉山交割帳戶	42
富果交割帳戶 	42
玉證	42
玉證公司客服	42
玉證語音專線	42
我有證券的問題	42
人在香港開富果帳戶	42
請問為什麼將富果的帳號辦理約定之後，卻無法轉帳進去呢	42
富果	42
富果交割帳戶	42
如何申請富果帳號	42
玉證富果帳戶	42
富果帳戶	42
轉接證券客服	42
我要問證券問題	42
證券密碼忘記	42
證券密碼被鎖住	42
不會線上購買證券	42
證券如何線上購買	42
股票如何下單	42
票信照會	218
照會票信	218
支票想要照會	218
想要照會支票	218
支存照會方式	218
網路票信查詢	218
我是要查詢票主的信用	218
照會電話	218
要照會支票	218
網路票信	218
支票照會	218
要怎麼查詢發票人支票信用	218
支存照會方法	218
照會	218
查詢支存	218
聯徵照會	218
支存票信查詢	218
支票網路照會	218
支票照會要撥打幾號	218
無票支存照會	218
票信客服	218
支照	218
票信照會流程	218
發票人支票信用要怎麼查詢	218
支存查詢	218
申請貸款	241
增貸	241
想貸100萬	241
已經辦過貸款了還可以申請嗎	241
我還有貸款沒繳完還可以增貸嗎	241
我要辦貸款	241
貸款申請方式	241
可以跟玉山借錢嗎	241
要怎麼貸100萬下來	241
我有資金需求	241
如何申請貸款	241
申請貸款條件	241
如何申請創業貸款	241
如何申請房屋貸款	241
貸款利息多少	241
詢問能貸款金額	241
想申請貸款	241
辦貸款限制	241
如何線上辦理貸款	241
辦貸款優惠活動	241
如何申請玉山貸款	241
貸款怎麼申請	241
貸款利率多少	241
房貸利率多少	241
信貸利率多少	241
不見了我的信用卡	#10
我錢包被偷了裡面有信用卡	#10
錢包不見裡面有信用卡	#10
信用卡找不到可以先掛失嗎	#10
可以先掛失信用卡再取消嗎	#10
我信用卡暫時找不到怎麼辦	#10
怎麼辦我找不到信用卡	#10
信用卡遺失要取消信用卡	#10
怎麼申請掛失信用卡	#10
信用卡國外遺失盜用	#10
信用卡掛失附卡	#10
悠遊卡掛失可用餘額	#10
掛失悠遊卡功能	#10
晶緻卡掛失	#10
悠遊聯名卡遺失	#10
I lose my creditcard	#10
外國人信用卡掛失	#10
沒有開卡信用卡遺失	#10
信用卡不見了	#10
我要掛失信用卡	#10
信用卡掛失	#10
信用卡遺失	#10
遺失信用卡	#10
我信用卡被盜刷了	#10
弄丟信用卡	#10
提款卡不見了	#2
不見了我的提款卡	#2
我錢包被偷了裡面有提款卡	#2
錢包不見裡面有提款卡	#2
提款卡找不到可以先掛失嗎	#2
可以先掛失提款卡再取消嗎	#2
我暫時找不到提款卡怎麼辦	#2
怎麼辦我找不到提款卡	#2
提款卡片遺失	#2
數位帳戶金融卡遺失	#2
網路可以掛失debit卡	#2
金融卡取消交易	#2
金融卡遺失怎麼停	#2
取消debit卡	#2
金融卡掛失方法	#2
金融卡遺失補發疑問	#2
金融卡遺失怎麼重辦	#2
公司金融卡掛失	#2
玉山金融卡掛失	#2
掛失補發debit卡	#2
存摺跟金融卡遺失	#2
金融卡不慎遺失怎麼申請	#2
未成年掛失金融卡	#2
金融卡取消	#2
提款卡掛失	#2
icash2.0信用卡感應疑問	10
icash2.0感應不到	10
icash聯名卡感應不良怎麼申請	10
不能感應信用卡	10
世界卡補發	10
卡號模糊	10
可以網路申請補發信用卡	10
可以幫補發信用卡	10
安全碼消失怎麼申請	10
更換信用卡費用	10
信用卡內悠遊卡功能不能使用	10
信用卡卡號模糊	10
信用卡安全碼不見	10
信用卡老舊	10
信用卡折損怎麼申請	10
信用卡信用卡薄膜遺失	10
信用卡背面磁條遺失可以補發	10
信用卡重新戶	10
信用卡接觸不良	10
信用卡晶片感應不到	10
信用卡感應不到刷卡被拒消費	10
信用卡感應刷卡失效	10
信用卡感應取消	10
信用卡毀損補發	10
信用卡毀損補發方法	10
信用卡毀補	10
信用卡磁條脫離怎麼補發	10
信用卡磁條疑問怎麼申請	10
信用卡檢核碼模糊不清	10
信用卡薄膜遺失	10
信用卡爛掉怎辦	10
信用卡變形	10
信用卡變更新卡	10
怎麼提前申請補發信用卡	10
要補發信用卡	10
重寄送新信用卡索取	10
國旅卡的晶片貌似讀取不到 無法刷卡	10
開新停舊	10
毀損補發信用卡	10
毀補卡片	10
毀補信用卡	10
補發信用卡費用	10
磁條信用卡是否變更晶片信用卡	10
網路補發	10
聯名悠遊卡沒有自動加值	10
變更信用卡	10
不了解新戶寄送哪裡	10
新卡寄送哪裡	10
可以補發寄送哪個地址	10
玉山主動補發信用卡週期	10
目前到期公務人員國民旅遊卡再續申請	10
年度補發	10
收信用卡補發通知	10
沒有收新戶掛號信怎麼申請	10
到期怎麼補發	10
到期換卡	10
信用卡到期何時可以收新戶	10
信用卡下個月到期怎麼申請	10
信用卡有效期限即將前往怎麼申請補發	10
信用卡有效期限前往補發	10
信用卡使用有效期限即將到期怎麼申請	10
信用卡使用到期	10
信用卡到期沒有收信用卡	10
信用卡到期寄送哪裡	10
信用卡到期補發告訴	10
信用卡到期補發要辦什麼手續	10
信用卡尚未到期就收新卡正常	10
信用卡退件	10
信用卡寄送哪裡	10
信用卡寄達地址哪裡	10
信用卡進度到期	10
信用卡補發寄送地址	10
信用卡續申請	10
查詢掛號	10
查詢掛號單編號	10
為什麼信用卡尚未到期玉山要寄送新卡索取	10
為什麼要補發	10
家樂福聯名卡 到期 沒有收到卡片	10
退件信用卡	10
掛號查詢	10
換卡退回	10
新戶寄至哪個地址	10
新戶寄送哪個地址	10
舊卡即將到期	10
續卡沒有收退回去	10
信用卡損壞	10
信用卡額度問題	10
信用卡補發	10
信用卡感應不良	10
信用卡開副卡	10
信用卡舊卡換新卡	10
信用卡遺失	10
安全碼模糊	10
信用卡額度調高	10
信用卡補發費用	10
信用卡優惠問題	10
信用卡紅利點數查詢	10
要如何匯款	20
匯款到國外有限額嗎	20
如何匯款到美國	20
我要換匯	20
今天換美金是多少錢	20
玉山特匯日活動序號	20
網銀換匯有優惠嗎	20
美金匯率	20
哪裡可以領外幣現鈔	20
怎麼開外幣帳戶	20
換匯手續費多少	20
我的debit卡有問題	20
PI兔簽帳卡要怎麼申請	20
Debit卡可以刷卡嗎	20
我的家樂福悠遊Debit卡一直刷卡失敗	20
詢問debit卡問題	20
debit卡開卡	20
金融卡可以刷卡嗎	20
怎麼申請pi兔金融卡	20
debit卡幾歲可以申請	20
國外可以刷簽帳卡嗎	20
請問debit卡有限額嗎	20
新申請的debit卡還沒收到首刷禮	20
我要轉銀行專人	20
銀行客服怎麼轉	20
