	texts	labels
0	消費限額	111_1
1	消費限額多少	111_1
2	帳單額度	111_1
3	現有卡片額度	111_1
4	想請問信用額度	111_1
5	額度	111_1
6	額度介紹	111_1
7	我信用卡額度核發多少	111_1
8	我的信用卡消費額度多少	111_1
9	如何查詢額度	111_1
10	我這張卡上限多少	111_1
11	我額度上限多少	111_1
12	我這張卡可以刷多少錢	111_1
13	請問信用額度	111_1
14	額度查詢	111_1
15	我這張卡片有多少額度	111_1
16	卡片總額度多少	111_1
17	我這張卡有多少可以刷	111_1
18	我這張卡額度多少	111_1
19	我這張卡能用多少	111_1
20	卡片核的額度是多少	111_1
21	我有多張卡片可以刷多少	111_1
22	全部的卡片可以刷多少	111_1
23	全部的卡片有多少額度	111_1
24	卡片刷卡上限是多少	111_1
25	卡片核多少	111_1
26	信用卡額度多少	111_1
27	卡片總額有多少	111_1
28	信用卡總額度多少	111_1
29	信用卡總額度有多少	111_1
30	卡片總額度有多少	111_1
31	信用卡總額有多少	111_1
32	卡片額度有多少	111_1
33	卡片核發額度	111_1
34	卡片限額	111_1
35	信用卡限額	111_1
36	信用卡總額多少	111_1
37	信用卡總額度金額	111_1
38	信用卡總額	111_1
39	信用卡核發額度	111_1
40	信用卡上限金額	111_1
41	我的信用卡總額	111_1
42	我的信用卡上限	111_1
43	我的信用卡核發金額	111_1
44	我的信用卡額度多少	111_1
45	我新卡額度多少	111_1
46	我新卡總額	111_1
47	我新卡限額	111_1
48	我新卡上限	111_1
49	我新卡總額度	111_1
50	我新卡額度有多少	111_1
51	我新卡核發金額	111_1
52	我的信用卡額度還有多少	111_1
53	請問信用卡額度	111_1
54	卡片核發總額度	111_1
55	卡片額度共用	111_1
56	所有卡片額度都共用嗎	111_1
57	信用卡額度上限	111_1
58	我的信用卡額度上限	111_1
59	信用卡額度還可以刷多少	111_1
60	卡片還剩多少額度	111_1
61	信用卡可刷額度	111_1
62	信用卡目前額度	111_1
63	信用卡目前可用額度	111_1
64	信用卡目前可使用的額度	111_1
65	卡片目前可用額度	111_1
66	卡片目前可刷額度	111_1
67	信用卡可刷金額	111_1
68	卡片可刷金額	111_1
69	目前卡片可刷金額	111_1
70	目前信用卡額度	111_1
71	卡片總額度	111_1
72	信用卡可刷總金額	111_1
73	卡片可刷總金額	111_1
74	卡片刷卡上限	111_1
75	我信用卡額度已經用多少了	111_2
76	已經用多少信用卡額度	111_2
77	信用卡額度用多少了	111_2
78	信用卡額度已經消費多少	111_2
79	信用卡額度用掉多少了	111_2
80	信用卡額度已用多少	111_2
81	我信用卡已經刷多少額度了	111_2
82	我總共刷多少了	111_2
83	信用卡已消費多少額度	111_2
84	我信用卡額度用多少了	111_2
85	我額度用掉多少了	111_2
86	我花費多少額度了	111_2
87	信用卡額度花多少了	111_2
88	已花費多少信用卡額度	111_2
89	已使用多少信用卡額度	111_2
90	我已經用多少信用卡額度	111_2
91	我刷了多少額度	111_2
92	信用卡已用額度查詢	111_2
93	已刷卡額度查詢	111_2
94	信用卡已刷卡額度	111_2
95	刷卡消費多少額度	111_2
96	信用卡消費多少額度了	111_2
97	我用掉多少卡片額度了	111_2
98	信用卡已經刷多少錢了	111_2
99	信用卡有目前刷多少了	111_2
100	信用卡全部消費有多少了	111_2
101	信用卡全部刷多少	111_2
102	我信用卡額度已經使用多少了	111_2
103	信用卡我刷了多少額度	111_2
104	信用卡額度我用了多少	111_2
105	我用了多少信用卡額度	111_2
106	信用卡額度我刷了多少	111_2
107	我刷了多少信用卡額度	111_2
108	信用卡已刷金額	111_2
109	信用卡已消費金額	111_2
110	已刷卡額度	111_2
111	目前已用額度	111_2
112	我已使用額度	111_2
113	我信用卡已使用金額	111_2
114	卡片已使用金額	111_2
115	卡片已刷金額	111_2
116	卡片已消費金額	111_2
117	目前已經刷多少了	111_2
118	目前已刷金額	111_2
119	目前已使用金額	111_2
120	信用卡還有多少沒付	111_2
121	我信用卡總共還欠多少	111_2
122	請問目前已經刷的額度	111_2
123	目前已使用額度	111_2
124	目前已刷額度	111_2
125	目前已經刷多少	111_2
126	請問目前刷卡多少錢	111_2
127	目前已請款金額	111_2
128	請問目前卡片刷卡金額	111_2
129	請問目前卡片已經刷多少錢	111_2
130	請問卡片目前使用額度狀況	111_2
131	想詢問目前以刷卡的金額	111_2
132	想詢問卡片目前刷卡金額	111_2
133	想詢問卡片以用額度	111_2
134	請問卡片已用額度	111_2
135	請問我已經刷多少金額	111_2
136	請問我目前已經刷多少錢	111_2
137	請問已經用掉多少額度了	111_2
138	想確認目前已用額度	111_2
139	想確認目前已經刷的金額	111_2
140	想確認目前已刷額度	111_2
141	請問目前刷卡金額	111_2
142	請問目前卡片以刷金額	111_2
143	請問目前已用多少額度	111_2
144	卡片已用金額	111_2
145	卡片已用額度	111_2
146	信用卡已用金額	111_2
147	本月已刷金額	111_2
148	本月已刷額度	111_2
149	本月已使用的額度	111_2
150	我帳單幾號結帳	111_3
151	我信用卡帳單何時才會結帳	111_3
152	我的結帳日是幾號	111_3
153	帳單要等到幾號才會結帳	111_3
154	我帳單結帳了沒	111_3
155	我信用卡還沒結帳嗎	111_3
156	信用卡結帳日期是什麼時候	111_3
157	結帳日	111_3
158	我要查結帳日	111_3
159	我想確認結帳日	111_3
160	我的結帳日是何時	111_3
161	我的帳單幾號結算	111_3
162	信用卡帳單幾號會寄來	111_3
163	信用卡帳單切點是幾號	111_3
164	信用卡今天刷卡什麼時候繳錢	111_3
165	現在刷卡帳單什麼時候寄來	111_3
166	信用卡結帳是幾號	111_3
167	信用卡幾號結帳	111_3
168	什麼時候可以查詢到信用卡帳單	111_3
169	我帳單什麼時候出來	111_3
170	我的信用卡消費什麼出來	111_3
171	信用卡帳單什麼時候結帳	111_3
172	幾號是信用卡結帳日	111_3
173	信用卡帳單出來了嗎	111_3
174	我幾號結帳	111_3
175	我信用卡帳單什麼時候會出來	111_3
176	信用卡帳單幾號會出來	111_3
177	我最新信用卡帳單什麼時候看的到	111_3
178	信用卡帳單結帳了嗎	111_3
179	我的信用卡帳單結帳了嗎	111_3
180	我信用卡幾號結帳	111_3
181	這個月結帳了嗎	111_3
182	信用卡結帳時間	111_3
183	信用卡哪時結帳	111_3
184	信用卡結帳日期	111_3
185	信用卡結算時間	111_3
186	卡片結帳日期	111_3
187	卡片結帳日是幾號	111_3
188	卡片結帳日期是幾號	111_3
189	卡片結算時間	111_3
190	我刷卡算到哪時候	111_3
191	我信用卡哪時出帳單	111_3
192	我刷卡結算日	111_3
193	我刷卡結算到哪時	111_3
194	我每個月幾號結帳	111_3
195	我信用卡的週期	111_3
196	我信用卡帳單刷卡週期	111_3
197	信用卡帳單幾號出來	111_3
198	幾號信用卡帳單出來	111_3
199	我信用卡帳單結算時間	111_3
200	幾號是信用卡出帳日	111_3
201	帳單什麼時候出來	111_3
202	帳單幾號關帳	111_3
203	帳單幾號結算	111_3
204	信用卡帳單結算日	111_3
205	信用卡帳單結算時間	111_3
206	我的信用卡帳單產出日	111_3
207	信用卡帳單產出日	111_3
208	信用卡帳單關帳時間	111_3
209	信用卡帳單產出時間	111_3
210	信用卡帳務產出時間	111_3
211	信用卡帳單結算日期	111_3
212	我的帳單日期	111_3
213	我的帳單結算日期	111_3
214	我的帳單結算時間	111_3
215	請問帳單關帳時間	111_3
216	請問帳單結算日	111_3
217	請問信用卡帳單周期	111_3
218	請問信用卡帳務結算時間	111_3
219	請問信用卡什麼時候結算	111_3
220	請問卡片帳單結算日	111_3
221	請問卡片帳單日期	111_3
222	請問卡片帳單周期	111_3
223	請問帳單繳款時間	111_3
224	帳單金額產出時間	111_3
225	想確認一筆刷卡請款了嗎	111_4
226	我要去哪裡查詢已經請款的消費	111_4
227	下期帳單有哪些消費	111_4
228	我想查下期帳單有哪些消費	111_4
229	我有哪些消費已經請款了	111_4
230	我想查下期帳單的刷卡明細	111_4
231	我有哪些刷卡已經請款了	111_4
232	我想確認已請款的消費	111_4
233	我想問一筆刷卡店家請款了嗎	111_4
234	請問店家請款了嗎	111_4
235	我到目前為止已經刷多少了	111_4
236	下一期我要繳多少	111_4
237	下期帳單目前有多少了	111_4
238	商店請款了沒	111_4
239	款項入帳了沒	111_4
240	下個月要繳多少	111_4
241	消費入帳了沒	111_4
242	買東西入帳明細	111_4
243	我這筆消費請款了嗎	111_4
244	查詢信用卡未出帳交易	111_4
245	信用卡未出帳明細	111_4
246	確認信用卡未出帳狀況	111_4
247	我還沒出帳的金額有多少	111_4
248	下一期我刷多少了	111_4
249	我帳單下一期刷多少	111_4
250	我帳單下一期已經刷多少	111_4
251	還沒出的金額刷多少	111_4
252	沒入帳單金額有多少	111_4
253	還沒繳費的明細	111_4
254	已請款明細	111_4
255	欲繳款明細	111_4
256	下期帳單繳款明細	111_4
257	下期帳單刷卡明細	111_4
258	要繳款明細	111_4
259	下期帳單明細	111_4
260	下個月繳款明細	111_4
261	隔月繳款明細	111_4
262	次月繳款明細	111_4
263	下次繳款明細	111_4
264	要繳款的明細	111_4
265	已請款的明細	111_4
266	欲繳款的明細	111_4
267	下期帳單繳款的明細	111_4
268	下期帳單刷卡的明細	111_4
269	下期帳單的明細	111_4
270	下個月繳款的明細	111_4
271	隔月繳款的明細	111_4
272	次月繳款的明細	111_4
273	下次要繳款明細	111_4
274	下次要繳款的明細	111_4
275	下期帳單目前已刷明細	111_4
276	下期帳單目前明細	111_4
277	下期帳單目前已刷的內容	111_4
278	下期帳單累積的刷卡內容	111_4
279	次月目前繳款內容	111_4
280	次月需繳款的明細	111_4
281	次月至單已刷內容	111_4
282	目前已經刷的內容	111_4
283	目前已經刷的明細	111_4
284	次月要繳明細	111_4
285	目前已請款明細	111_4
286	目前刷卡已請款的內容	111_4
287	目前刷卡已請款的明細	111_4
288	現在已經請款的內容	111_4
289	下期帳單目前要繳哪些	111_4
290	下期帳單累積的內容明細	111_4
291	次月帳單累積的內容明細	111_4
292	信用卡下個月已刷的明細	111_4
293	信用卡下個月要繳的內容	111_4
294	信用卡目前已經累積的內容	111_4
295	卡片下個月要繳的內容	111_4
296	卡片下個月應繳的明細	111_4
297	請問已經請款的消費	111_4
298	請問目前已經請款的內容	111_4
299	請問目前下個月要繳的內容	111_4
300	已經繳款仍收帳單	111_5
301	信用卡繳款入帳查詢	111_5
302	信用卡繳款怎麼傳真訊息索取	111_5
303	麻煩請幫我查詢一下10月份的扣款是否有扣到呢	111_5
304	信用卡轉入查詢	111_5
305	忘記是否繳過信用卡款	111_5
306	我卡費昨天已經繳了  怎麼沒顯示	111_5
307	信用卡款繳款情形	111_5
308	查詢信用卡使用玉山轉帳是否成功	111_5
309	查詢信用卡款繳款紀錄	111_5
310	本期已經繳款多少	111_5
311	怎麼查詢信用卡繳費機錄	111_5
312	信用卡繳款紀錄疑問	111_5
313	可以繳款紀錄	111_5
314	信用卡怎麼查詢繳款已經轉入	111_5
315	帳單扣到錢	111_5
316	信用卡款是否已經轉入	111_5
317	不了解繳款沒有	111_5
318	本期帳單已經結清	111_5
319	看看是否繳款	111_5
320	怎麼查詢信用卡繳款紀錄	111_5
321	本期帳單完成繳款	111_5
322	信用卡本期繳款	111_5
323	想查詢一下是否完成信用卡繳費	111_5
324	帳單交沒有	111_5
325	繳款查詢	111_5
326	請問，我02/09繳入的金額，入帳了嗎	111_5
327	前何時繳款	111_5
328	最後繳款何時	111_5
329	信用卡繳款轉入查詢	111_5
330	已經atm繳款	111_5
331	忘記是否繳款	111_5
332	本期帳單繳款完了	111_5
333	帳單不是已經繳清	111_5
334	收繳款	111_5
335	入款紀錄	111_5
336	請問我的卡費繳了嗎	111_5
337	查詢轉入紀錄	111_5
338	想請問是否已收到信用卡繳款款項	111_5
339	可以幫轉入	111_5
340	我有信用卡 帳單還沒繳嗎	111_5
341	信用卡已繳款查詢	111_5
342	信用卡款已經結清	111_5
343	本期帳單扣繳成功	111_5
344	信用卡繳款卡情形	111_5
345	繳款紀錄查詢	111_5
346	還有信用卡款沒有繳款	111_5
347	已有轉帳信用卡款	111_5
348	我10月份的應繳款，是否有入帳	111_5
349	想知道2020年六月的繳款紀錄	111_5
350	可以幫查詢本期是否繳款	111_5
351	繳款成功	111_5
352	繳款明細	111_5
353	信用卡哪裡期沒有繳款	111_5
354	繳款沒有	111_5
355	帳單沒有繳款	111_5
356	查詢本期繳款是否成功	111_5
357	幫查詢信用卡款項是否已經繳款入賬	111_5
358	信用卡繳款明細	111_5
359	想確認剛剛線上購物有沒有重複繳款	111_5
360	繳款紀錄	111_5
361	繳款信用卡查詢	111_5
362	我繳款進去了嗎	111_5
363	繳款入帳了嗎	111_5
364	幫我查這個月帳單繳款了嗎	111_5
365	帳單我繳了沒	111_5
366	最一次繳款是什麼時候	111_5
367	我這期個用卡帳單繳了嗎	111_5
368	有沒有收到信用卡繳款	111_5
369	我帳單有沒有繳款	111_5
370	這個月帳單有扣款成功嗎	111_5
371	信用卡帳單要扣到款項嗎	111_5
372	我有轉錢到信用卡有進去嗎	111_5
373	我到便利商店繳款有收到嗎	111_5
374	有辦自動扣繳有扣到信用卡款項嗎	111_5
375	請問卡費繳款是否入帳	111_5
376	如何確認卡費已繳款成功	111_5
377	您好，線上繳款上限多少？	111_6
378	我要用ebill繳信用卡費	111_6
379	繳款qrcode	111_6
380	全國繳款網	111_6
381	信用卡繳款qrcode	111_6
382	無法線上繳信用卡帳單	111_6
383	帳單qrcode繳款	111_6
384	官網網路繳款	111_6
385	全國繳款網限額	111_6
386	為什麼不能線上繳費	111_6
387	信用卡繳款網路	111_6
388	全國繳款網轉帳額度	111_6
389	全國繳費網	111_6
390	快速線上繳款	111_6
391	線上轉帳繳費	111_6
392	線上繳卡費	111_6
393	網路上怎麼繳款	111_6
394	線上怎麼轉帳	111_6
395	線上轉帳帳號要輸入幾號	111_6
396	網路怎麼繳款	111_6
397	網路ATM怎麼轉帳	111_6
398	怎麼用自己的帳號線上繳信用卡款	111_6
399	qrcode怎麼繳款	111_6
400	線上繳信用卡款有限制額度嗎	111_6
401	線上繳信用卡可以轉多少	111_6
402	網路繳信用卡費	111_6
403	信用卡網路轉帳繳費	111_6
404	信用卡線上繳費	111_6
405	信用卡網路繳費方式	111_6
406	信用卡網路如何繳費	111_6
407	線上繳納信用卡手續費	111_6
408	我要網路繳卡費	111_6
409	我要網路繳信用卡費	111_6
410	網路要怎麼繳卡費	111_6
411	可以用其他銀行帳號繳卡費嗎	111_6
412	可以用其他銀行帳號繳信用卡費嗎	111_6
413	網路繳信用卡費方式	111_6
414	線上繳信用卡費方式	111_6
415	ebii繳信用卡費	111_6
416	網路繳本行信用卡帳單	111_6
417	網路繳納信用卡方式	111_6
418	網路繳卡費	111_6
419	全國繳費網繳費	111_6
420	全國繳費往繳信用卡費	111_6
421	全國繳費往繳本期信用卡費	111_6
422	如何用全國繳費往繳卡費	111_6
423	全國繳費網繳卡費用手續費嗎	111_6
424	全國繳費網最多可以繳多少	111_6
425	網路繳信用卡費上限	111_6
426	網路繳信卡款	111_6
427	網路繳本期信用卡費	111_6
428	網路繳信用卡費有手續費嗎	111_6
429	網路繳信用卡費規定	111_6
430	線上繳本期信用卡費	111_6
431	線上繳本期信用卡費有手續費嗎	111_6
432	可以線上繳超過帳單金額嗎	111_6
433	線上繳費可以只繳部分金額嗎	111_6
434	怎麼用網路繳信用卡費	111_6
435	怎麼用網路繳本期信用卡費	111_6
436	怎麼在線上繳信用卡款	111_6
437	線上可以繳信用卡款嗎	111_6
438	線上怎麼繳信用卡費	111_6
439	請問線上怎麼繳信用卡費	111_6
440	線上繳信用卡費方法	111_6
441	網路繳款方式	111_6
442	網路繳款方法	111_6
443	網路繳款上限金額	111_6
444	網路可繳信用卡費的上限	111_6
445	線上繳卡費得金額上限	111_6
446	線上繳款可繳自訂金額嗎	111_6
447	全國繳費網手續費	111_6
448	全國繳費網金額上限	111_6
449	全國繳費網操作方式	111_6
450	全國繳費網只能繳自己的卡費嗎	111_6
451	全國繳費網繳費流程	111_6
452	atm申請信用卡自動扣款	111_7
453	分行申請他行帳戶扣繳	111_7
454	主動轉帳繳款信用卡款	111_7
455	他行主動申請書	111_7
456	他行扣繳申請書	111_7
457	他行扣繳信用卡款	111_7
458	他行自動扣款手續費	111_7
459	他行信用卡使用玉山帳戶扣繳要前往玉山申請仍他行	111_7
460	他行帳戶自動扣款	111_7
461	他行帳戶轉帳繳款	111_7
462	可以申請他行自動扣款表單	111_7
463	申請信用卡他行扣繳	111_7
464	申請帳單自動扣款	111_7
465	申請帳單自動扣款方法	111_7
466	扣繳帳戶申請書	111_7
467	自動扣款可以申請他行表單	111_7
468	自動扣款信用卡款	111_7
469	定期扣繳信用卡款	111_7
470	非玉山帳戶信用卡轉帳扣繳申請	111_7
471	信用卡主動轉帳申請	111_7
472	信用卡他行扣繳申請書	111_7
473	信用卡代扣手續費	111_7
474	信用卡申請主動轉帳	111_7
475	信用卡自動扣款他行帳戶	111_7
476	信用卡自動扣款限定玉山帳戶	111_7
477	信用卡自動扣繳申辦，非臨櫃申辦	111_7
478	信用卡怎麼申請帳戶直接繳款	111_7
479	信用卡款他行帳戶扣款日	111_7
480	信用卡款使用帳戶自動扣款	111_7
481	信用卡轉帳扣繳申請	111_7
482	要申請信用卡信用卡款自動扣款扣繳帳戶是否只有使用玉山帳戶	111_7
483	寄送轉帳申請書	111_7
484	帳戶自動扣款要玉山帳戶	111_7
485	帳單自動扣款	111_7
486	帳單自動扣款申請	111_7
487	設定信用卡款轉帳要怎麼申請	111_7
488	跨行要主動轉帳扣繳信用卡怎麼申請	111_7
489	繳款信用卡使用帳戶扣繳	111_7
490	帳戶可以扣信用卡費嗎	111_7
491	帳戶可以繳信用卡費嗎	111_7
492	怎麼申請帳戶繳信用卡款	111_7
493	怎麼申請帳戶繳信用卡費	111_7
494	如何申請帳戶繳信用卡款	111_7
495	如何申請帳戶繳信用卡費	111_7
496	他行帳戶可以扣卡費嗎	111_7
497	帳戶怎麼申請扣信用卡費	111_7
498	如何設定約定帳戶自動扣款	111_7
499	自動扣款信用卡費	111_7
500	自動轉帳信用卡費	111_7
501	使用帳戶扣信用卡費	111_7
502	其他銀行扣信用卡費	111_7
503	他行自動轉帳信用卡費	111_7
504	帳戶自動扣繳信用卡費	111_7
505	友行自動扣信用卡費	111_7
506	銀行扣信用卡費	111_7
507	帳戶扣信用卡費	111_7
508	ach代收信用卡費	111_7
509	網路申請帳戶自動扣款	111_7
510	線上申請自動扣款	111_7
511	自動扣款申請	111_7
512	自動扣款如何申請	111_7
513	自動轉帳繳卡費	111_7
514	自動轉帳繳信用卡費	111_7
515	用其他間銀行自動信用卡費	111_7
516	用其他間銀行自動繳信用卡費	111_7
517	自動扣款申請書	111_7
518	玉山本行自動扣款	111_7
519	玉山本行自動繳卡款	111_7
520	玉山帳戶自動繳卡費	111_7
521	玉山帳戶自動扣信用卡費	111_7
522	玉山帳戶自動扣信用卡款	111_7
523	每個月自動扣繳卡費	111_7
524	每個月自動繳信用卡款	111_7
525	他行自動扣繳	111_7
526	他行自動繳信用卡款	111_7
527	沒有帳單不知怎麼轉帳	111_8
528	公司商務白金卡怎麼繳款	111_8
529	公司繳款信用卡款	111_8
530	atm信用卡自動扣款	111_8
531	帳款超過20000，無法在超商繳款。要如何處理	111_8
532	信用卡繳款銷帳編號	111_8
533	信用卡繳款他行	111_8
534	要使用帳戶轉帳繳款	111_8
535	超過十萬元帳單如何繳費	111_8
536	信用卡提前繳款	111_8
537	提前繳款信用卡款	111_8
538	要繳帳單	111_8
539	怎麼繳款	111_8
540	繳款個人信用卡款	111_8
541	多繳信用卡	111_8
542	繳款編號	111_8
543	公司卡繳款信用卡款	111_8
544	委託他人繳款	111_8
545	要交錢	111_8
546	信用卡款不能轉帳	111_8
547	信用卡款能用銀行卡轉帳	111_8
548	網路列印繳款聯	111_8
549	提前繳款	111_8
550	繳款方法	111_8
551	繳款帳號多少信用卡	111_8
552	公司繳款信用卡	111_8
553	多繳信用卡款	111_8
554	信用卡繳款不知道金額	111_8
555	多繳信用卡款帳號	111_8
556	帳單繳款號碼	111_8
557	信用卡繳款可以分行繳款	111_8
558	分行繳款	111_8
559	他行劃撥手續費	111_8
560	他行劃撥可以手續費	111_8
561	他行劃撥編號	111_8
562	玉山劃撥帳號	111_8
563	怎麼劃撥	111_8
564	郵局劃撥方法	111_8
565	郵局劃撥帳號	111_8
566	郵局劃撥單怎麼填寫	111_8
567	郵政劃撥	111_8
568	郵政劃撥帳號	111_8
569	劃撥	111_8
570	劃撥手續費	111_8
571	劃撥帳號索取	111_8
572	atm信用卡款帳號	111_8
573	atm怎麼使用繳款	111_8
574	atm怎麼繳款	111_8
575	atm轉帳信用卡款	111_8
576	atm轉帳信用卡號	111_8
577	atm轉帳帳戶	111_8
578	atm繳款	111_8
579	atm繳款介紹	111_8
580	atm繳款方法	111_8
581	atm繳款信用卡款銀行代號	111_8
582	atm繳款信用卡額度	111_8
583	atm繳款限額	111_8
584	atm繳款帳戶	111_8
585	atm繳款銀行號碼	111_8
586	卡費超過2萬如何用atm繳	111_8
587	卡號繳款信用卡款	111_8
588	沒有申請帳單怎麼他行轉帳	111_8
589	身分證字號代碼	111_8
590	身分證字號代碼查詢	111_8
591	身分證字號英文	111_8
592	身分證英文代號	111_8
593	身分證英文代碼	111_8
594	身分證英文變更	111_8
595	身分證英文變更數字	111_8
596	身分證對應數字	111_8
597	身分證變更英文	111_8
598	信用卡atm交款	111_8
599	信用卡atm繳款卡號	111_8
600	信用卡英文代號意思	111_8
601	信用卡帳單 使用atm轉帳繳費 要怎麼輸入?	111_8
602	信用卡銷帳帳戶	111_8
603	信用卡銷帳編號	111_8
604	信用卡轉帳	111_8
605	信用卡轉帳繳款方法	111_8
606	信用卡繳款atm	111_8
607	信用卡繳款轉帳帳號	111_8
608	怎麼他行轉帳信用卡	111_8
609	怎麼使用atm支付信用卡款	111_8
610	英文對應數字	111_8
611	英文轉數字	111_8
612	要使用atm轉帳	111_8
613	帳單遺失查詢atm轉帳帳戶	111_8
614	帳單遺失轉帳帳戶	111_8
615	網路轉帳繳款信用卡款帳號	111_8
616	請問信用卡費可否轉帳	111_8
617	轉帳信用卡繳款	111_8
618	轉帳繳款atm	111_8
619	轉帳繳款信用卡款帳戶	111_8
620	繳款代號	111_8
621	繳款信用卡款卡號	111_8
622	繳款信用卡款輸入卡號	111_8
623	信用卡帳單怎麼繳費	111_8
624	信用卡繳費方式	111_8
625	信用卡如何繳費	111_8
626	信用卡可以轉帳繳款嗎	111_8
627	信用卡可以到ATM繳嗎	111_8
628	信用卡可以郵局繳嗎	111_8
629	信用卡費怎麼繳費	111_8
630	信用卡費繳費方式	111_8
631	信用卡費如何繳費	111_8
632	信用卡帳單金額多少錢	113_1
633	信用卡欠款多少	113_1
634	卡費要繳多少錢	113_1
635	信用卡本期帳單金額多少	113_1
636	信用卡本期應繳帳單金額	113_1
637	可以幫我查詢信用卡金額多少	113_1
638	信用卡本期消費要繳多少	113_1
639	信用卡款要繳多少	113_1
640	查詢應繳卡費	113_1
641	信用卡帳單總金額	113_1
642	信用卡帳單總金額與最低金額	113_1
643	了解信用卡總消費	113_1
644	不了解繳款有效期限	113_1
645	欠信用卡款	113_1
646	信用卡欠帳	113_1
647	信用卡欠費	113_1
648	信用卡欠費多少	113_1
649	卡費	113_1
650	可以查詢信用卡帳務	113_1
651	本期信用卡款最低應繳金額多少	113_1
652	本期信用卡帳目金額	113_1
653	本期信用卡帳單可用餘額	113_1
654	本期信用卡最少多少	113_1
655	本期信用卡應繳信用卡款	113_1
656	目前信用卡欠費	113_1
657	目前國內不能查詢信用卡最低應繳金額什麼方法	113_1
658	收到信用卡沒有繳款的通知簡訊	113_1
659	查詢是否尚未繳款信用卡款	113_1
660	忘記本期帳單	113_1
661	我有帳單未繳款嗎	113_1
662	我要問信用卡總欠費多少	113_1
663	我想知道我這筆金額到底是多少	113_1
664	我想詢問 我全部應該繳的費用金額是多少	113_1
665	信用卡帳單金額查詢	113_1
666	信用卡欠款	113_1
667	信用卡欠款是否結清	113_1
668	信用卡本期繳款最低應繳金額	113_1
669	信用卡待繳金額	113_1
670	信用卡剩餘多少沒有繳款	113_1
671	信用卡款	113_1
672	信用卡款可用餘額查詢	113_1
673	信用卡款事宜	113_1
674	信用卡費	113_1
675	信用卡還有沒有繳款	113_1
676	怎麼查詢信用卡款	113_1
677	是否欠信用卡款	113_1
678	是否可先查詢本期信用卡帳單應繳金額	113_1
679	是否信用卡款欠繳	113_1
680	信用卡帳單是否還有欠費	113_1
681	查詢本期信用卡帳單沒有轉入帳單消費	113_1
682	查詢本期信用卡帳單要繳款	113_1
683	查詢本期信用卡帳單繳款日期及金額	113_1
684	要本期信用卡帳單	113_1
685	最新帳單何時出來	113_1
686	最新信用卡帳單何時出來	113_1
687	信用卡結帳出來了嗎	113_1
688	想詢問目前我還有欠款記錄嗎	113_1
689	請問可以幫我查詢我這個月信用卡繳款了嗎	113_1
690	應繳信用卡款可是不知應繳多少	113_1
691	應繳跟最低應繳金額	113_1
692	繳款多少信用卡款	113_1
693	信用卡繳款金額	113_1
694	繳款信用卡款多少	113_1
695	本期應繳金額	113_1
696	本期信用卡費多少錢	113_1
697	本期信用卡款多少	113_1
698	本期信用卡費多少	113_1
699	本期信用卡款多少錢	113_1
700	這期應繳金額	113_1
701	這期信用卡應繳金額	113_1
702	信用卡費這期多少錢	113_1
703	這期信用卡款多少	113_1
704	這期信用卡費多少錢	113_1
705	這期信用卡款多少錢	113_1
706	信用卡費多少	113_1
707	信用卡費多少錢	113_1
708	信用卡款多少	113_1
709	信用卡款多少錢	113_1
710	這期多少金額要繳	113_1
711	這期信用卡多少金額要繳	113_1
712	本期多少金額要繳	113_1
713	本期信用卡多少金額要繳	113_1
714	卡費要繳多少	113_1
715	這期要繳多少錢	113_1
716	本期要繳多少錢	113_1
717	帳單這次金額多少	113_1
718	帳單這次金額多少錢	113_1
719	帳單這次要繳多少	113_1
720	怎麼查詢最低應繳金額	113_2
721	信用卡帳單最低應繳金額多少錢	113_2
722	信用卡本期帳單最低應繳金額多少	113_2
723	信用卡本期帳單最低應繳金額	113_2
724	可以幫我查詢信用卡最低應繳金額多少	113_2
725	本期信用卡帳單最低應繳最低應繳金額多少	113_2
726	本期信用卡帳目最低應繳金額	113_2
727	本期信用卡最低多少	113_2
728	我想知道我這期最低應繳金額到底是多少	113_2
729	信用卡帳單最低應繳金額查詢	113_2
730	信用卡本期繳款最低應繳金額	113_2
731	信用卡待繳最低應繳金額	113_2
732	是否可先查詢本期信用卡帳單應繳最低金額	113_2
733	信用卡繳款最低應繳金額	113_2
734	我這個月最低繳多少	113_2
735	這個月最低多少	113_2
736	本期最低多少	113_2
737	最低可以繳多少錢	113_2
738	請問最低應繳費用多少	113_2
739	查詢最低應繳	113_2
740	本期最低金額多少	113_2
741	最低應繳金額	113_2
742	這期最低金額多少	113_2
743	本期最低應繳金額多少	113_2
744	這期最低應繳金額多少	113_2
745	帳單最低金額	113_2
746	帳單最低應繳金額	113_2
747	本期最少要繳多少錢	113_2
748	這期最少有繳多少錢	113_2
749	信用卡費這期最低金額	113_2
750	信用卡這期最低應繳金額	113_2
751	信用卡本期最低金額	113_2
752	信用卡本期最低應繳金額	113_2
753	這個月最低金額多少	113_2
754	這個月最低應繳金額多少	113_2
755	這個月最低金額多少錢	113_2
756	這個月最低應繳金額多少錢	113_2
757	信用卡最低應繳	113_2
758	信用卡費最低應繳	113_2
759	本期信用卡費最低應繳	113_2
760	信用卡費最低金額	113_2
761	本期信用卡最低應繳	113_2
762	信用卡帳單最低應繳	113_2
763	信用卡帳單最低金額	113_2
764	本期信用卡費最低應繳金額	113_2
765	本期信用卡費最低應繳金額多少	113_2
766	本期信用卡帳單最低金額	113_2
767	繳信用卡最低應繳	113_2
768	本期想繳最低應繳	113_2
769	本期最低應繳多少	113_2
770	本期信用卡帳單最低應繳	113_2
771	信用卡最低應繳多少錢	113_2
772	未繳信用卡帳單最低應繳	113_2
773	未繳信用卡最低應繳多少錢	113_2
774	本期帳單最低應繳是多少	113_2
775	本期帳單最低應繳的金額	113_2
776	這期帳單最低應繳金額	113_2
777	應繳的最低金額	113_2
778	至少需要繳的信用卡金額	113_2
779	這個月最少需要繳多少卡費	113_2
780	這個月帳單的最低金額	113_2
781	本月最低的繳款金額	113_2
782	請問這個月應繳的最低金額	113_2
783	請問這個月至少要繳多少	113_2
784	請問這個月至少要繳多少金額	113_2
785	想確認這個月至少要繳的最低金額	113_2
786	怎麼確認最少的應繳金額	113_2
787	怎麼查詢信用卡帳單最低應繳	113_2
788	未繳的最低金額至少要繳多少	113_2
789	本期帳單至少要繳多少	113_2
790	這期帳單最少要繳多少	113_2
791	請問這個月最少要繳多少	113_2
792	本期信用卡帳單最少要繳多少	113_2
793	這個月帳單至少要繳多少	113_2
794	請問這個月應繳金額最少多少	113_2
795	信用卡帳單何時到期	113_3
796	不知道帳單過期了沒	113_3
797	不知道信用卡繳費期限	113_3
798	想確認信用卡最晚何時要繳款	113_3
799	想確認信用卡帳單最晚何時要繳款	113_3
800	信用卡帳單超過幾號繳款就算過期	113_3
801	我信用卡帳單繳費期限到期了嗎	113_3
802	我信用卡帳單到期了嗎	113_3
803	信用卡繳款帳單繳費期限	113_3
804	我忘記信用卡繳費期限了	113_3
805	信用卡帳單什麼時候繳錢	113_3
806	信用卡繳款日期是幾號	113_3
807	信用卡帳單幾號要繳卡款	113_3
808	信用卡繳款期限什麼時候	113_3
809	這期帳單要不要繳	113_3
810	信用卡繳款截日是幾號	113_3
811	信用卡帳單已經超過繳款期了嗎	113_3
812	沒收到信用卡帳單何時繳款	113_3
813	信用卡帳單過期了嗎	113_3
814	信用卡帳單什麼寄過來繳款	113_3
815	信用卡帳單什麼要繳	113_3
816	信用卡帳單寄出了嗎	113_3
817	忘記繳款信用卡帳單期限到幾號	113_3
818	帳單繳費期間	113_3
819	信用卡繳費期間	113_3
820	帳單何時到期	113_3
821	本期帳單期限	113_3
822	帳單繳費期限	113_3
823	卡費期限	113_3
824	查詢信用卡繳費期限	113_3
825	查詢信用卡帳單期限	113_3
826	卡費繳納時間	113_3
827	卡費最晚期限	113_3
828	信用卡最晚繳費期限	113_3
829	信用卡繳款時間	113_3
830	信用卡繳費時間	113_3
831	帳單何時過期	113_3
832	帳單過期時間	113_3
833	我的帳單幾號截止	113_3
834	我的帳單截止日幾號	113_3
835	帳單幾號截止	113_3
836	信用卡帳單截止日期	113_3
837	信用卡繳款截止日	113_3
838	信用卡帳單幾號截止	113_3
839	信用卡帳單截止時間	113_3
840	信用卡帳單過期時間	113_3
841	信用卡最後一天什麼時候	113_3
842	查詢可用額度	1121
843	想知道信用卡額度 	1121
844	額度剩多少可以用	1121
845	還可以刷多少	1121
846	信用卡可用額度查詢	1121
847	還有多少額度可以用	1121
848	卡片總額度多少	1121
849	信用卡還有多少額度可以用	1121
850	信用卡額度還多少	1121
851	卡額度爆了嗎	1121
852	可以查詢使用額度	1121
853	信用卡可以消費多少	1121
854	信用卡可用餘額多少	1121
855	信用卡可用額度查詢方式	1121
856	目前信用卡額度	1121
857	信用卡使用餘款	1121
858	信用卡使用額度查詢	1121
859	信用卡可以使用額度	1121
860	信用卡可用餘額查詢方法	1121
861	信用卡是否沒有額度	1121
862	信用卡消費額度	1121
863	信用卡款上有額度	1121
864	信用卡還有多少可用	1121
865	信用卡額度可用餘額	1121
866	信用卡額度疑問	1121
867	怎麼查詢信用卡可用餘額	1121
868	查詢信用卡可用餘額方法	1121
869	查詢消費限額	1121
870	查詢信用卡額度	1121
871	要信用卡可用餘額	1121
872	請告訴我本人的信用卡消費額度剩餘多少	1121
873	請問我目前額度還可以刷多少錢	1121
874	請確認最新信用卡額度	1121
875	還有多少可以消費	1121
876	還有沒有額度可以消費	1121
877	還有額度可以使用	1121
878	還有額度可以消費嗎	1121
879	額度可用餘額	1121
880	額度可用餘額查詢	1121
881	額度還有多少	1121
882	我還能刷多少	1121
883	我信用卡額度還有多少	1121
884	我額度還有多少可以刷	1121
885	我刷卡額度還有多少	1121
886	現在額度有多少	1121
887	現在額度還能刷多少	1121
888	現在可刷卡多少錢	1121
889	現在能還刷多少錢	1121
890	現在還能刷多少額度	1121
891	刷卡額度還有多少	1121
892	信用卡還有多少額度	1121
893	申請信用卡調額	1122
894	信用卡額度調高	1122
895	調高信用卡額度	1122
896	想把信用卡額度調高一點	1122
897	信用卡額度太少了怎麼辦	1122
898	怎麼調高信用卡額度	1122
899	信用卡額度不夠怎麼申請	1122
900	信用卡額度要怎麼調整	1122
901	信用卡額度刷滿了	1122
902	沒有信用卡額度可以用了	1122
903	e指信用卡額度調整	1122
904	什麼申請信用卡額度調整	1122
905	公司信用卡額度調整	1122
906	升等信用卡額度消費保費	1122
907	本期信用卡額度調整	1122
908	申請永額	1122
909	申請信用卡增額	1122
910	申請臨額	1122
911	申請信用卡額度提升是否成功	1122
912	申請信用卡額度進度	1122
913	保費達信用卡額度怎麼申請	1122
914	信用卡消費爆	1122
915	信用卡額度網路申請	1122
916	信用卡額度調整方法	1122
917	信用卡額度調整進度查詢	1122
918	信用卡繳稅信用卡額度不夠	1122
919	信用信用卡額度調整	1122
920	查詢信用卡額度調整申請	1122
921	要增信用卡額度	1122
922	信用卡額度要臨時增額	1122
923	剛核卡想升信用卡額度	1122
924	提升卡額	1122
925	提高臨時信用卡額度	1122
926	超額授權	1122
927	綜所稅信用卡額度不夠	1122
928	信用卡增額	1122
929	彈性提高可用餘額事宜	1122
930	調整臨額	1122
931	調整信用卡額度	1122
932	調信用卡額度	1122
933	請幫我提高信用卡額度	1122
934	聯徵申請增額進度	1122
935	臨時申請信用卡額度	1122
936	臨時提款額	1122
937	臨時信用卡額度申請	1122
938	臨額	1122
939	歸帳戶信用卡額度已經達	1122
940	信用卡額度不夠	1122
941	信用卡額度不夠怎麼解決	1122
942	信用卡額度太低	1122
943	信用卡額度審核時間	1122
944	信用卡額度調整	1122
945	信用卡額度調整申請進度	1122
946	信用卡額度調整查詢	1122
947	信用卡額度調整繳款綜所稅	1122
948	信用卡額度變更	1122
949	卡片額度不夠	1122
950	卡片額度調整	1122
951	提高卡片額度	1122
952	信用卡額度臨時調整	1122
953	增加信用卡每月可刷費用	1122
954	提高每月可刷卡金額	1122
955	申請額度調整	1122
956	可以臨時調高額度嗎	1122
957	如何申請臨時調高額度	1122
958	補寄信用卡實體紙本對帳單	118
959	信用卡紙本帳對帳單補寄	118
960	信用卡實體帳單要如何補發	118
961	我信用卡帳單不見了怎麼補	118
962	補一張信用卡帳單給我	118
963	我要申請信用卡帳單補發	118
964	信用卡帳單遺失了可以再寄一張給我嗎	118
965	要怎麼補信用卡紙本帳單	118
966	信用卡帳單補寄	118
967	上期沒有收信用卡款可以補發	118
968	信用卡本期紙本明細補發	118
969	信用卡本期紙本帳單遺失	118
970	申請重發信用卡紙本帳單	118
971	申請信用卡紙本帳單	118
972	沒收信用卡紙本帳單	118
973	沒有收到信用卡帳單可以補發嗎	118
974	沒有收到信用卡帳單，要補發索取	118
975	沒有收到信用卡單子	118
976	沒有收最新一期信用卡紙本帳單	118
977	沒有收信用卡繳款紙本帳單	118
978	沒有收信用卡繳款紙本帳單通知	118
979	沒有信用卡紙本帳單不能繳款	118
980	信用卡紙本帳單未收到	118
981	信用卡紙本帳單為什麼沒有寄送	118
982	信用卡紙本帳單沒有收怎麼申請補發	118
983	信用卡紙本帳單沒有寄信	118
984	信用卡紙本帳單尚未收可以補發帳單	118
985	信用卡紙本帳單哪裡補發	118
986	信用卡紙本帳單遺失	118
987	信用卡繳款怎麼沒有單子	118
988	信箱近期未收到信用卡紙本帳單	118
989	客戶沒有收信用卡紙本帳單	118
990	怎麼補發信用卡紙本帳單	118
991	要信用卡實體帳單	118
992	重新寄送信用卡紙本帳單	118
993	索取上期信用卡紙本帳單	118
994	寄送實體信用卡紙本帳單	118
995	寄送信用卡繳款紙本帳單	118
996	信用卡紙本帳單沒有收到	118
997	信用卡紙本帳單寄送索取	118
998	補寄上上期信用卡紙本帳單	118
999	信用卡紙本帳單補寄	118
1000	信用卡紙本帳單要補寄	118
1001	信用卡帳單幫我寄到我的地址	118
1002	信用卡帳單沒收到要補寄一份紙本帳單	118
1003	我信用卡紙本帳單要補寄	118
1004	補寄信用卡電子對帳單	114_1
1005	我信用卡電子帳單不小心刪除了怎麼辦	114_1
1006	可以重新寄一份信用卡電子帳單給我嗎	114_1
1007	不小心刪除了EMAIL帳單可以補寄嗎	114_1
1008	電子EMAIL帳單不見了	114_1
1009	信用卡電子帳單不見了	114_1
1010	可以用EMAIL補寄信用卡電子帳單給我嗎	114_1
1011	補信用卡電子郵件帳單	114_1
1012	mail信用卡帳單	114_1
1013	信用卡本期寄送電子帳單	114_1
1014	信用卡電子帳單查詢	114_1
1015	信用卡電子帳單傳送	114_1
1016	怎麼沒有本期電子帳單	114_1
1017	怎麼補發信用卡電子帳單	114_1
1018	重送電子信用卡款	114_1
1019	信用卡重新寄送到電子信箱	114_1
1020	電子郵件沒有收信用卡帳單	114_1
1021	補發電子信箱信用卡帳單	114_1
1022	補發信用卡EMAIL電子帳單	114_1
1023	信用卡電子帳單尚未收怎麼申請	114_1
1024	請問要怎樣申請六個月前電子對帳單	114_1
1025	請傳11月的e帳單連結給我，謝謝	114_1
1026	幫重新寄送電子帳單	114_1
1027	贈送電子信用卡款	114_1
1028	補發3月份信用卡電子帳單	114_1
1029	電子信箱本期帳單	114_1
1030	電子信箱沒有收	114_1
1031	電子信箱帳單沒有收怎麼申請	114_1
1032	電子帳單收不到	114_1
1033	電子帳單沒收	114_1
1034	電子帳單沒有收疑問	114_1
1035	電子帳單怎麼沒有查詢	114_1
1036	電子帳單常漏寄送	114_1
1037	電子帳單排障	114_1
1038	網路銀行補寄帳單	114_1
1039	網路銀行補發電子帳單	114_1
1040	傳送帳單到email	114_1
1041	帳單改寄電子信箱	114_1
1042	傳帳單傳到電子郵件	114_1
1043	本期電子帳單寄送	114_1
1044	本期電子帳單補寄	114_1
1045	補寄信用卡簡訊對帳單	114_2
1046	我信用卡簡訊帳單不小心刪除了怎麼辦	114_2
1047	可以重新寄一份信用卡簡訊帳單給我嗎	114_2
1048	不小心刪除了簡訊帳單可以補寄嗎	114_2
1049	簡訊行動帳單不見了	114_2
1050	信用卡簡訊帳單不見了	114_2
1051	補信用卡簡訊郵件帳單	114_2
1052	補寄信用卡行動對帳單	114_2
1053	我信用卡行動帳單不小心刪除了怎麼辦	114_2
1054	可以重新寄一份信用卡行動帳單給我嗎	114_2
1055	不小心刪除了行動帳單可以補寄嗎	114_2
1056	行動行動帳單不見了	114_2
1057	信用卡行動帳單不見了	114_2
1058	補信用卡行動帳單	114_2
1059	本期寄送行動帳單	114_2
1060	行動帳單尚未收怎麼申請	114_2
1061	信用卡行動帳單查詢	114_2
1062	信用卡行動帳單傳送	114_2
1063	怎麼沒有本期行動帳單	114_2
1064	怎麼補發信用卡行動帳單	114_2
1065	重送行動信用卡款	114_2
1066	重新寄送行動帳單	114_2
1067	補發行動帳單	114_2
1068	補發行動帳單信用卡款	114_2
1069	補發消費簡訊電話帳單	114_2
1070	網路補發信用卡簡訊帳單	114_2
1071	幫重新寄送行動帳單	114_2
1072	贈送行動信用卡款	114_2
1073	麻煩重新寄送行動帳單	114_2
1074	信用卡帳單發簡訊給我	114_2
1075	信用卡帳單傳手機給我	114_2
1076	簡訊沒收到信用卡帳單	114_2
1077	信用卡帳單手機沒收到	114_2
1078	簡訊帳單不小心刪掉	114_2
1079	手機帳單這個月沒收到	114_2
1080	簡訊帳單沒收到	114_2
1081	簡訊帳單再幫我補寄	114_2
1082	簡訊帳單遺失幫我補發	114_2
1083	手機沒收到信用卡帳單	114_2
1084	這個月手機帳單有寄送嗎	114_2
1085	未收到簡訊帳單	114_2
1086	可以補寄一份行動帳單嗎	114_2
1087	我不小心將簡訊帳單刪除了	114_2
1088	要求補發簡訊帳單	114_2
1089	本期簡訊帳單補發	114_2
1090	我要補寄簡訊帳單	114_2
1091	我帳單要補寄簡訊	114_2
1092	我的帳單是簡訊的要補寄	114_2
1093	我要補寄信用卡簡訊帳單	114_2
1094	我要補發簡訊帳單	114_2
1095	我帳單要補發簡訊	114_2
1096	我的帳單要補發簡訊	114_2
1097	傳真信用卡帳單給我	117
1098	給我傳真信用卡帳單過來	117
1099	信用卡帳單傳真	117
1100	信用卡帳單可以用傳真的方式給我嗎	117
1101	傳真信用卡帳單可以嗎	117
1102	要怎麼申請傳真信用卡帳單	117
1103	申請傳真信用卡帳單要如何操作	117
1104	信用卡帳單想用傳真	117
1105	我可以收傳真請傳信用卡帳單給我	117
1106	傳真這個月信用卡帳單給我	117
1107	帳單可以傳真嗎	117
1108	我想要傳真信用卡帳單	117
1109	我要傳真信用卡帳單	117
1110	帳單用傳真方式	117
1111	帳單能用傳真嗎	117
1112	如何傳真帳單	117
1113	申請傳真帳單	117
1114	申請傳真帳單流程	117
1115	如何申請傳真帳單	117
1116	傳真上期信用卡帳單	117
1117	傳真信用卡過來	117
1118	信用卡帳單傳真補發	117
1119	申請傳真信用卡帳單	117
1120	申請傳真信用卡對帳單	117
1121	傳真信用卡對帳單	117
1122	傳真信用卡對帳單給我	117
1123	麻煩傳送信用卡對帳單	117
1124	麻煩傳真信用卡對帳單給我	117
1125	如何申請傳真信用卡對帳單	117
1126	傳真上期信用卡對帳單	117
1127	傳真本期信用卡帳單	117
1128	傳真本期信用卡對帳單	117
1129	如何傳真信用卡對帳單	117
1130	麻煩傳真上期信用卡帳單	117
1131	麻煩傳真本期信用卡帳單	117
1132	麻煩傳真上期信用卡對帳單過來	117
1133	麻煩傳真本期信用卡對帳單過來	117
1134	麻煩傳真上期信用卡對帳單給我	117
1135	麻煩傳真本期信用卡對帳單給我	117
1136	傳真本期帳單	117
1137	請傳真本期帳單	117
1138	傳真未繳帳單	117
1139	傳真帳單明細	117
1140	傳真本期帳單明細	117
1141	傳真本期未繳帳單	117
1142	傳真本期未繳信用卡對帳單	117
1143	請傳真信用卡對帳單	117
1144	請傳真本期信用卡對帳單	117
1145	請幫我傳真信用卡對帳單	117
1146	請幫我傳真未繳信用卡帳單	117
1147	請傳真本期信用卡帳單	117
1148	申請帳單傳真	117
1149	請用傳真方式給我帳單	117
1150	信用卡帳單幫我用傳真的	117
1151	幫我傳真帳單	117
1152	可以用傳真方式寄帳單嗎	117
1153	可以申請傳真補寄帳單嗎	117
1154	麻煩幫我傳真本期帳單	117
1155	請傳真補寄本期帳單給我	117
1156	請幫我傳真帳單	117
1157	請幫我傳真本期信用卡對帳單	117
1158	麻煩幫我傳真本期信用卡對帳單	117
1159	請幫我用傳真方式寄帳單	117
1160	請傳真帳單給我	117
1161	卡片帳單請幫我用傳真的	117
1162	請傳真給我帳單	117
1163	請傳真未繳帳單	117
1164	請傳真未繳帳單給我	117
1165	請傳真本期未繳帳單	117
1166	請傳真本期應繳帳單	117
1167	想申請傳真帳單	117
1168	申請傳真帳單給我	117
1169	申請本期帳單傳真	117
1170	本期帳單幫我用傳真的	117
1171	這個月帳單麻煩幫我用傳真的	117
1172	用語音從玉山帳戶繳卡費	116
1173	卡費用電話語音從玉山帳戶扣繳	116
1174	我要用電話語音繳玉山卡款,我有玉山帳戶	116
1175	用我的玉山帳戶透過電話語音繳信用卡帳單	116
1176	透過電話語音從玉山戶頭繳卡費	116
1177	卡費透過電話語音從帳戶繳	116
1178	我有玉山帳戶，想用電話語音繳我的信用卡帳單	116
1179	想用電話語音繳信用卡帳單	116
1180	玉山卡費透過電話語音從帳戶繳	116
1181	可以用玉山帳戶扣卡費嗎	116
1182	我要用玉山帳戶扣卡費	116
1183	我想要用玉山帳戶扣卡費	116
1184	我的卡費想用玉山帳戶扣	116
1185	卡費想用玉山帳戶繳	116
1186	可以用玉山帳戶扣信用卡費嗎	116
1187	我要用玉山帳戶扣信用卡費	116
1188	我想要用玉山帳戶扣信用卡費	116
1189	我的信用卡費想用玉山帳戶扣	116
1190	信用卡費想用玉山帳戶繳	116
1191	我想用本行帳戶透過語音繳卡費	116
1192	我想用語音申請本行帳戶繳卡費	116
1193	我要透過語音從本行帳戶繳卡費	116
1194	我想用本行帳戶在語音繳卡費	116
1195	我想用我的帳號語音繳卡費	116
1196	我要用玉山帳戶轉帳繳玉山卡款	116
1197	CreditCard核信用卡進度	121
1198	e信用卡申請信用卡工作天數	121
1199	e指辦信用卡進度	121
1200	一般信用卡審核大概都要多久時間	121
1201	已申辦信用卡但都沒回應	121
1202	已經辦信用卡了想查進度	121
1203	已經顯示製信用卡中	121
1204	什麼時候才能核信用卡	121
1205	信用卡中何時寄送	121
1206	信用卡申請很久	121
1207	信用卡要審核何時	121
1208	信用卡進度何時	121
1209	可以申請信用卡進度	121
1210	可以查辦信用卡進度	121
1211	申請pi拍錢包信用卡進度	121
1212	申請ubear信用卡是否成功	121
1213	申請信用卡包裹號碼	121
1214	申請信用卡何時才可以了解通過	121
1215	申請信用卡沒有收信用卡	121
1216	申請信用卡狀態	121
1217	申請信用卡花費進度	121
1218	申請信用卡要多少工作天	121
1219	申請信用卡要審核何時	121
1220	申請信用卡時間多長	121
1221	申請信用卡寄件進度	121
1222	申請信用卡情形	121
1223	申請信用卡無人聯絡	121
1224	申請信用卡進度	121
1225	申請信用卡進度不能查詢	121
1226	申請信用卡進度好晚	121
1227	申請信用卡進度怎麼查詢	121
1228	申請信用卡進度認證	121
1229	申請信用卡審核進度	121
1230	申請但沒有收信用卡	121
1231	申請附信用卡進度	121
1232	申請信用卡已經段時間尚未收	121
1233	申請信用卡不了解後續進度	121
1234	申請信用卡申請書收	121
1235	申請信用卡但沒有收掛號信	121
1236	申請信用卡何時收	121
1237	申請信用卡何時通知	121
1238	申請信用卡所需時間	121
1239	申請信用卡後面沒有消息	121
1240	申請信用卡怎麼了解申請成功	121
1241	申請信用卡寄件地址	121
1242	申請信用卡進度疑問	121
1243	申請書進件查詢	121
1244	申請進度信用卡	121
1245	申請新戶核信用卡進度	121
1246	申辦信用卡一直沒下文	121
1247	目前申請附信用卡要何時進度	121
1248	收信用卡核信用卡成功通知	121
1249	何時可以收到最近辦的新信用卡	121
1250	何時要寄送信用卡	121
1251	你好 請問信用卡線上申辦審核大概需要多久的時間	121
1252	我沒收到你寄來的信用卡，是家樂福信用卡	121
1253	我想查詢信用卡審核結果	121
1254	沒有收信用卡	121
1255	沒有收申請信用卡	121
1256	沒有收新信用卡	121
1257	沒有收實體信用卡	121
1258	沒有核信用卡可以通知	121
1259	尚未收ubear信用卡	121
1260	尚未收核信用卡信用卡	121
1261	尚未收新戶	121
1262	附信用卡申請進度	121
1263	附信用卡何時寄送	121
1264	信用卡上禮拜三寄送這禮拜會收到嗎	121
1265	信用卡已收件處理中 要大概在多久能拿到信用卡片	121
1266	信用卡信用卡天數	121
1267	信用卡申請何時通知	121
1268	信用卡申請沒有消息	121
1269	信用卡申請附信用卡工作天	121
1270	信用卡申請信用卡何時下來	121
1271	信用卡申請查不到進度	121
1272	信用卡申請查詢	121
1273	信用卡申請進度要何時	121
1274	信用卡申請優點	121
1275	信用卡目前沒有收	121
1276	信用卡地址錯誤沒有收	121
1277	信用卡何時可以收	121
1278	信用卡何時可以收到	121
1279	信用卡何時前往	121
1280	信用卡何時索取	121
1281	信用卡何時寄達	121
1282	信用卡忘記取件	121
1283	信用卡沒有收	121
1284	信用卡尚未收	121
1285	信用卡很久沒來	121
1286	信用卡是否贈送件成功	121
1287	信用卡要申請何時	121
1288	信用卡核信用卡了嗎	121
1289	信用卡核信用卡以後何時可以收信用卡	121
1290	信用卡核信用卡何時完成	121
1291	信用卡核信用卡最快何時	121
1292	信用卡核信用卡進度	121
1293	信用卡核信用卡疑問	121
1294	信用卡寄送狀態	121
1295	信用卡通過以後何時收信用卡	121
1296	信用卡新戶尚未收	121
1297	信用卡實體信用卡進度	121
1298	信用卡審核大概多少天	121
1299	信用卡審核天數	121
1300	信用卡優點	121
1301	前何時申請玉山信用卡	121
1302	怎麼查詢核信用卡進度	121
1303	是否申請家樂福悠遊聯名信用卡進度	121
1304	是否收信用卡申請書	121
1305	查詢不到核信用卡進度	121
1306	查詢申請信用卡	121
1307	查詢信用卡寄送	121
1308	查詢信用卡進度	121
1309	查詢信用卡寄送掛號郵件	121
1310	查詢補發進度	121
1311	查辦信用卡進度	121
1312	為什麼信用卡申請信用卡進度顯示聯徵審核	121
1313	為什麼辦信用卡辦這麼久	121
1314	要是否申請信用卡成功	121
1315	重新寄送申請信用卡	121
1316	哪時候會核信用卡	121
1317	哪張信用卡先核信用卡	121
1318	核信用卡了嗎	121
1319	核信用卡天數	121
1320	核信用卡太久	121
1321	核信用卡以後何時可以收信用卡	121
1322	核信用卡成功	121
1323	核信用卡沒有	121
1324	核信用卡很慢	121
1325	核信用卡查詢	121
1326	核信用卡流程	121
1327	核信用卡通知	121
1328	核信用卡進度網路查詢	121
1329	國定假日審信用卡	121
1330	寄送新戶通知可是尚未收新戶	121
1331	通過進度	121
1332	發信用卡進度	121
1333	想查詢申請信用卡的進度	121
1334	想請問我的ubear 信用卡辦信用卡進度	121
1335	新戶未收	121
1336	新戶查詢信用卡申請信用卡進度	121
1337	新戶要何時可以前往領信用卡	121
1338	新戶核信用卡進度	121
1339	新信用卡幫寄送	121
1340	新用信用卡申請最快何時	121
1341	新辦信用卡進度查詢	121
1342	網路申請信用卡進度	121
1343	製信用卡中最快何時寄送	121
1344	審核中的信用卡片最慢什麼時候會拿到	121
1345	審核信用卡進度	121
1346	寫聯徵審核中	121
1347	請問only信用卡 何時才能收到實體信用卡呢	121
1348	請問申請信用卡都要很久嗎？	121
1349	請問有收到申請信用卡的補件資料嗎？	121
1350	請問信用卡什麼時候會寄到我家	121
1351	請問信用卡什麼時候會寄到現居地址	121
1352	請問信用卡申請一般需要幾天呢	121
1353	請問信用卡核信用卡要等大約多久？	121
1354	請問信用卡徵信審核需要多久呢	121
1355	請問信用卡辦信用卡徵信審核需要多久呢	121
1356	請問國民旅遊信用卡申辦天數約幾天	121
1357	辦信用卡進度	121
1358	辦信用卡要多久	121
1359	辨信用卡進度	121
1360	如何申辦信用卡目前狀態	121
1361	查詢信用卡目前進度	121
1362	剛申辦信用卡要多久能收到	121
1363	多久能收到卡片	121
1364	目前卡片進度	121
1365	申辦卡片流程	121
1366	申辦卡片進度	121
1367	卡片審核進度查詢	121
1368	尚未收到新申辦信用卡	121
1369	申請信用卡核卡天數	121
1370	申請信用卡要多久	121
1371	信用卡申請進度	121
1372	我的辦卡進度	121
1373	辦卡進度	121
1374	信用卡要怎麼開卡使用	123
1375	可以幫我開卡嗎	123
1376	麻煩幫我開卡	123
1377	開卡要怎麼辦	123
1378	開卡服務	123
1379	申請卡片開卡服務	123
1380	沒開卡怎麼申請	123
1381	網路信用卡開卡作業	123
1382	煩請開卡	123
1383	使用信用卡開卡認證	123
1384	網路可以開卡	123
1385	開啟卡	123
1386	新戶怎麼開卡	123
1387	附卡開卡	123
1388	開啟信用卡	123
1389	我要開卡	123
1390	我想開卡	123
1391	我想要開卡	123
1392	信用卡要開卡	123
1393	我要開信用卡	123
1394	我想開信用卡	123
1395	我想要開信用卡	123
1396	如何開卡	123
1397	要去哪裡開卡	123
1398	新戶開卡密碼	123
1399	我剛剛有刷卡想要分期付款	132_1
1400	可以申期分期付款嗎	132_1
1401	昨天去家樂福的消費幫我分12期	132_1
1402	我要分三期零利率	132_1
1403	能不能分期付款	132_1
1404	消費分期零利率活動	132_1
1405	刷卡分期方式	132_1
1406	有沒有分期付款的申請書	132_1
1407	幫我設定分成12期	132_1
1408	簽帳單筆分期設定	132_1
1409	要刷卡分12期會產生什麼費用	132_1
1410	零利率分期	132_1
1411	消費得分優惠滿分	132_1
1412	分期零利率設定	132_1
1413	要設定分期	132_1
1414	交易商品分期付款	132_1
1415	網路申請信用卡分期零利率網路	132_1
1416	分期輕鬆繳款	132_1
1417	分期零利率	132_1
1418	國外分期	132_1
1419	什麼主動分期	132_1
1420	信用卡單筆分期設定	132_1
1421	分期設定	132_1
1422	信用卡分期設定	132_1
1423	消費得分試算	132_1
1424	怎麼辨理分期	132_1
1425	玉山分期零利率信用卡	132_1
1426	網路分期	132_1
1427	pi拍錢包信用卡分期付款	132_1
1428	附卡要申請分期	132_1
1429	設定卡號分期	132_1
1430	pi拍錢包信用卡分期	132_1
1431	信用卡國外分期	132_1
1432	信用卡消費分期零利率	132_1
1433	外籍人士刷卡得分	132_1
1434	如何就此筆金額分期	132_1
1435	查詢分期	132_1
1436	可以使用分期付款	132_1
1437	申報分期	132_1
1438	哪張信用卡可以分期付款	132_1
1439	一般分期	132_1
1440	信用卡分期	132_1
1441	我要信用卡分期	132_1
1442	信用卡有零利率分期嗎	132_1
1443	信用卡分期怎麼申請	132_1
1444	設定信用卡分期	132_1
1445	我要設定信用卡分期	132_1
1446	我的信用卡要分期	132_1
1447	信用卡分期付款幾期	132_1
1448	申請帳單分期服務	132_2
1449	信用卡繳款帳單分期	132_2
1450	申請帳單分期要查詢是否申請成功	132_2
1451	帳單不能分期	132_2
1452	帳單轉分期	132_2
1453	信用卡可用餘額分期	132_2
1454	申請分期信用卡款	132_2
1455	帳單消費分期	132_2
1456	申請本期信用卡款分期付款	132_2
1457	帳單消費分期設定方法	132_2
1458	信用卡帳單分期申請進度	132_2
1459	要使用網路帳單分期	132_2
1460	雙幣信用卡帳單分期	132_2
1461	我帳單想分期	132_2
1462	這期帳單可以分期嗎	132_2
1463	我要帳單分期	132_2
1464	申請帳單分期	132_2
1465	帳單怎麼分期	132_2
1466	帳單可以分期嗎	132_2
1467	帳單分期有利息嗎	132_2
1468	帳單分期的條件	132_2
1469	怎麼申請帳單分期	132_2
1470	如何申請帳單分期	132_2
1471	信用卡帳單如何申請分期	132_2
1472	帳單分期有額度限制嗎	132_2
1473	保單分12期 使用PI有1.5%回饋嗎	132_3
1474	pi拍錢包信用卡首期要怎麼登錄	132_3
1475	pi拍錢包信用卡產險分期	132_3
1476	pi拍錢包信用卡扣繳	132_3
1477	pi拍錢包信用卡認同卡保費分期	132_3
1478	pi拍錢包信用卡分期零利率	132_3
1479	pi拍錢包信用卡壽險	132_3
1480	pi拍錢包信用卡認同卡分期	132_3
1481	p幣卡保費分期	132_3
1482	PI卡保費活動	132_3
1483	PI卡有保費分期零利率嗎	132_3
1484	PI卡保費回饋	132_3
1485	PI卡扣保費活動	132_3
1486	pi卡繳保費	132_3
1487	PI卡保險分期怎麼登錄	132_3
1488	PI卡保險分期還有回饋嗎	132_3
1489	PI卡刷保險如果分12期還有回饋嗎	132_3
1490	PI卡有保險分期活動嗎	132_3
1491	PI卡怎麼登錄分期活動	132_3
1492	用PI卡刷保險如果分期還有回饋1.5%嗎	132_3
1493	如果用PI卡刷保險可以參加分期嗎	132_3
1494	如果用PI卡刷保險登陸分期還有給回饋嗎	132_3
1495	PI卡刷所有保險都可以分期嗎	132_3
1496	如果之前已經登錄過PI卡保險分期還要登嗎	132_3
1497	刷pi拍錢包信用卡所有保險都可以分期嗎	132_3
1498	如果刷pi拍錢包信用卡付保費可以分期嗎	132_3
1499	用PI卡刷保費一定要分期才會給1.5%回饋嗎	132_3
1500	公務人員國民旅遊卡保費學費分期設定	132_4
1501	公務人員國民旅遊卡分期登錄	132_4
1502	公務人員國民旅遊卡零利率分期優惠	132_4
1503	公務人員國民旅遊卡十期	132_4
1504	公務人員國民旅遊卡單筆分期設定	132_4
1505	國民旅遊分期付款	132_4
1506	公務人員國民旅遊卡單筆分期	132_4
1507	國旅卡可以分期嗎	132_4
1508	國旅卡消費分期	132_4
1509	國旅卡零利率分期	132_4
1510	國旅卡設定分期	132_4
1511	國旅十期	132_4
1512	國旅卡分期	132_4
1513	國民旅遊卡如何申請分期免利登錄	132_4
1514	國民旅遊卡保費設定分期期數	132_4
1515	國民旅遊卡分期優惠活動查詢	132_4
1516	國旅卡單筆分期享零利率優惠	132_4
1517	國旅卡消費享分 10 期零利率優惠	132_4
1518	公務人員國旅卡最新分期優惠	132_4
1519	國民旅遊卡免息分期活動	132_4
1520	刷國民旅遊卡要分期	132_4
1521	刷國旅卡分期還有回饋嗎	132_4
1522	刷國旅卡設定分期還可以請領補助嗎	132_4
1523	用國旅卡刷醫療費用可以分期嗎	132_4
1524	公務人員國民旅遊卡分期零利率活動	132_4
1525	請問我要申請南山人壽的卡分期12期要怎麼處理	132_5
1526	南山悠遊聯名卡分期零利率	132_5
1527	南山扣繳	132_5
1528	南山首期要怎麼登錄	132_5
1529	南山認同卡保費分期	132_5
1530	南山人壽繳款分期	132_5
1531	請問玉山南山聯名卡有12期0利率嗎	132_5
1532	南山分期申請	132_5
1533	南山保費登錄分期	132_5
1534	南山聯名卡分期利息	132_5
1535	南山聯名卡分期活動	132_5
1536	南山聯名卡分期回饋	132_5
1537	南山聯名卡繳保費	132_5
1538	南山保費分期	132_5
1539	南山保費分期折扣	132_5
1540	南山卡要分期	132_5
1541	南山卡保費分期	132_5
1542	南山聯名卡分期登錄	132_5
1543	南山聯名卡保費分期活動	132_5
1544	南山聯名卡保費分期有回饋嗎	132_5
1545	南山聯名卡刷保險可以分幾期	132_5
1546	南山聯名卡多少錢的保費可以分期	132_5
1547	南山聯名卡如果分期可以提前結清嗎	132_5
1548	南山聯名卡刷保險以外可以分期免息嗎	132_5
1549	南山卡扣繳保費分期	132_5
1550	刷卡繳保費單筆滿額享 8 期 / 12 期 0 利率分期	132_6
1551	保費分期有限哪家保險	132_6
1552	請問玉山only卡 是否使用保費分期 0利率	132_6
1553	保費分期	132_6
1554	三商美邦保費分期	132_6
1555	不是南山可以分期	132_6
1556	分期車險	132_6
1557	汽車保險分期	132_6
1558	分期扣繳保費	132_6
1559	保費分期可用信用卡	132_6
1560	分期繳款保費	132_6
1561	only卡可以辦保費分期嗎？	132_6
1562	旅遊平安險分期設定	132_6
1563	玉山信用卡繳款保費	132_6
1564	保費零利率信用卡	132_6
1565	怎麼分期保費	132_6
1566	玉山卡繳款保費	132_6
1567	保險就愛消費玉山卡分期零利率	132_6
1568	信用卡繳款保費	132_6
1569	扣保費	132_6
1570	保費分期申請	132_6
1571	保費12期零利率申請	132_6
1572	查詢保費分期	132_6
1573	保費分期只有南山	132_6
1574	保險金額信用卡分期	132_6
1575	保費12期	132_6
1576	保費繳款分期	132_6
1577	現在還有保險分期？	132_6
1578	保費登入	132_6
1579	產險分期	132_6
1580	信用卡繳款學費分期活動	132_7
1581	輕鬆優惠繳款學費	132_7
1582	學費紅利折抵	132_7
1583	學費分期登錄	132_7
1584	國旅學費分期	132_7
1585	請問我剛剛刷卡繳學費，那筆費用可以分期嗎	132_7
1586	家樂福icash聯名卡繳款學費	132_7
1587	怎麼申請學費信用卡分期	132_7
1588	查詢學費分期	132_7
1589	學費登錄分期	132_7
1590	公務人員國民旅遊卡分期學費	132_7
1591	消費學雜費	132_7
1592	學雜費零利率登錄	132_7
1593	信用卡繳學費活動	132_7
1594	我要登錄學費活動	132_7
1595	信用卡繳學費有活動嗎	132_7
1596	學費要分期	132_7
1597	學費想分期	132_7
1598	學費想要分期	132_7
1599	信用卡繳學費有零利率分期嗎	132_7
1600	信用卡繳學費有零利率活動嗎	132_7
1601	信用卡繳學費優惠	132_7
1602	信用卡繳學費折扣	132_7
1603	信用卡繳學費分期	132_7
1604	信用卡繳學費限制	132_7
1605	預借現金	133_1
1606	要怎麼使用atm預借現金	133_1
1607	預借現金匯到帳戶	133_1
1608	信用卡可以預借現金嗎	133_1
1609	可以用信用卡借錢嗎	133_1
1610	要怎麼使用信用卡預借現金	133_1
1611	預借現金設定方式	133_1
1612	我想要用信用卡預支一筆錢	133_1
1613	信用卡預借現金使用方式	133_1
1614	什麼信用卡可以預借現金	133_1
1615	信用卡國外提款	133_1
1616	信用卡提款	133_1
1617	信用卡預借現金資格	133_1
1618	信用卡預借現金繳款	133_1
1619	信用卡錢貸款	133_1
1620	怎麼信用卡錢預支	133_1
1621	玉山卡怎麼預借現金	133_1
1622	國內國外預借現金差異地方什麼	133_1
1623	國外日光錢不夠怎麼預借現金	133_1
1624	國外信用卡atm預借現金	133_1
1625	國外信用卡提款	133_1
1626	國際組織提款	133_1
1627	信用卡卡預借現金	133_1
1628	信用卡預支錢	133_1
1629	信用卡預支錢密碼設定	133_1
1630	信用卡預支錢開啟	133_1
1631	預借現金atm	133_1
1632	預借現金什麼	133_1
1633	預借現金分行	133_1
1634	預借現金分期要電洽客服	133_1
1635	預借現金手續費告訴	133_1
1636	預借現金世界卡	133_1
1637	預借現金使用方法	133_1
1638	預借現金怎麼申請	133_1
1639	申請預借現金密碼	133_2
1640	atm預借現金密碼	133_2
1641	申請預借現金密碼	133_2
1642	設定預借現金密碼	133_2
1643	我要申請預借現金密碼	133_2
1644	信用卡預借現金密碼申請	133_2
1645	信用卡預借新金密碼設定	133_2
1646	預借現金密碼設定	133_2
1647	信用卡提領密碼設定	133_2
1648	ATM預借現金	133_2
1649	ATM預借現金設定	133_2
1650	信用卡借錢設定	133_2
1651	線上預借現金	133_2
1652	預借現金密碼忘記	133_2
1653	預借現金密碼查詢	133_2
1654	預借現金密碼重設	133_2
1655	預借現金密碼申請	133_2
1656	預借現金密碼鎖住	133_2
1657	atm預借現金密碼忘記	133_2
1658	atm預借現金密碼查詢	133_2
1659	atm預借現金密碼重設	133_2
1660	信用卡借錢的密碼	133_2
1661	忘記ATM信用卡借錢密碼	133_2
1662	重設信用卡預借密碼	133_2
1663	線上預借現金密碼忘記	133_2
1664	預借現金會有什麼費用	133_3
1665	除了借款金額還有什麼其他費用要繳嗎	133_3
1666	預借現金手續費要收多少	133_3
1667	預借現金利息是多少	133_3
1668	預借現金要加收多少錢	133_3
1669	預借現金要多付多少錢	133_3
1670	ATM預借手續費怎麼計算	133_3
1671	網路預借手續費怎麼計算	133_3
1672	ATM預借手續費收多少	133_3
1673	網路預借手續費收多少	133_3
1674	預借現金會有費用嗎	133_3
1675	預借現金會有手續費嗎	133_3
1676	國內外預借現金手續費差異	133_3
1677	信用卡預借現金會收手續費嗎	133_3
1678	預借現金手續費	133_3
1679	預借現金手續費怎麼收	133_3
1680	預借現金手續費多少	133_3
1681	預借現金利息多少	133_3
1682	預借現金手續費多少錢	133_3
1683	信用卡預借手續費	133_3
1684	國外預借現金手續費	133_3
1685	國外預借現金手續費如何收費	133_3
1686	國外預借現金手續費怎麼收取	133_3
1687	預借現金手續費如何計算	133_3
1688	預借現金有手續費嗎	133_3
1689	我要預借現金可以借多少	134
1690	查詢目前預借現金借了多少	134
1691	信用卡預借現金還有多少額度可以使用	134
1692	要怎麼知道我還有多少額度可以預借	134
1693	幫我查預現還有多少	134
1694	不知道預借現金額度	134
1695	做預借現金額度的查詢	134
1696	我的預借現金總額度是多少	134
1697	預借現金有額度限制嗎	134
1698	信用卡額度可以借多少	134
1699	國外預借現金額度	134
1700	預借現金額度查詢方法	134
1701	信用卡可以借多少	134
1702	查詢預借現金額度	134
1703	預借現金額度有多少	134
1704	還能預借多少	134
1705	還能預借現金多少	134
1706	為什麼不能預借現金	134
1707	預借額度查詢	134
1708	可以預借現金嗎	134
1709	可借用現金	134
1710	申請借用現金額度	134
1711	借用現金查詢	134
1712	我要預借現金	134
1713	卡片借用現金	134
1714	忘記國旅卡檢核系統密碼	136
1715	國旅卡系統密碼忘記	136
1716	忘記國旅卡帳號密碼	136
1717	要怎麼重新設定檢核系統帳密	136
1718	檢核系統帳密重設	136
1719	要怎麼重新申請國旅卡密碼	136
1720	國旅補助系統密碼忘記了	136
1721	公務人員檢核系統帳密重設	136
1722	不知道公務人員檢何系統密碼	136
1723	國旅卡查詢網站密碼錯誤3次如何解鎖	136
1724	國旅檢核系統登入資料鎖住	136
1725	公務人員國民旅遊卡密碼怎麼重新設定	136
1726	變更公務人員國民旅遊卡密碼	136
1727	國旅卡密碼重設	136
1728	檢核系統密碼忘記	136
1729	檢核系統密碼查詢	136
1730	國旅卡密碼設定	136
1731	國旅卡密碼忘記	136
1732	國旅卡密碼查詢	136
1733	國民旅遊卡忘記帳號密碼	136
1734	如何重設國民旅遊卡帳密	136
1735	檢核系統密碼重設	136
1736	檢核系統預設密碼	136
1737	如何重新找回檢核系統密碼	136
1738	國旅卡檢核密碼忘記	136
1739	你們有免費道路救援嗎	#32
1740	刷多少錢可以免費道路救援	#32
1741	道救	#32
1742	國旅卡可以免費道路救援嗎	#32
1743	我需要車子拖吊服務	#32
1744	道路救援有哪些服務	#32
1745	怎樣可以使用道路救援服務	#32
1746	only卡有拖吊服務嗎	#32
1747	要怎麼拖吊	#32
1748	拖吊服務是免費的嗎	#32
1749	我的汽車要拖吊到維修廠	#32
1750	道救車號登記	#32
1751	幫我申請道路救援	#32
1752	我要道路救援	#32
1753	我現在要拖吊	#32
1754	我車子可以拖吊嗎	#32
1755	道路救援條件	#32
1756	道路救援區域	#32
1757	車子壞掉求救	#32
1758	車子被拖吊	#32
1759	我現在需要拖吊	#32
1760	怎麼登錄道錄救援	#32
1761	車子需要拖吊	#32
1762	我的卡片可以拖吊嗎	#32
1763	我的卡片可以登錄道救嗎	#32
1764	請問有免費拖吊	#32
1765	我的卡片拖吊條件是什麼	#32
1766	道路救援可以登錄幾台車	#32
1767	請問紅利點數要如何兌換	14_1
1768	紅利點數兌換有問題	14_1
1769	如何兌換航空里程	14_1
1770	超商可以換紅利點數嗎	14_1
1771	我的紅利點數要如何兌換商品	14_1
1772	紅利點數可以兌換什麼東西	14_1
1773	紅利點數要怎麼兌換超商商品	14_1
1774	我要兌換紅利	14_1
1775	紅利點數能兌換現金嗎	14_1
1776	紅點要如何兌換	14_1
1777	公司紅利	14_1
1778	紅利扣繳	14_1
1779	信用卡紅利兌換申請書	14_1
1780	超商紅利商品	14_1
1781	紅利交換	14_1
1782	紅利兌換郵購訂購單公司	14_1
1783	哩程回饋	14_1
1784	紅利公司	14_1
1785	紅利可以折抵帳單	14_1
1786	公司卡紅利	14_1
1787	語音兌換紅利	14_1
1788	信用卡紅利使用	14_1
1789	兌點	14_1
1790	信用卡紅利專區	14_1
1791	變更紅利	14_1
1792	兌換超商商品	14_1
1793	紅利專區	14_1
1794	語音紅利兌換	14_1
1795	公司信用卡紅利兌換	14_1
1796	電子帳單贈送紅利可以幹什麼	14_1
1797	網路紅利專區	14_1
1798	超商兌換	14_1
1799	超商商品兌換	14_1
1800	提供紅利兌換方法	14_1
1801	紅利199	14_1
1802	超商兌換紅利	14_1
1803	紅利兌換失敗	14_1
1804	紅利兌換超商	14_1
1805	紅利兌換方法哪種	14_1
1806	歡樂199	14_1
1807	紅利航空	14_1
1808	紅利商品	14_1
1809	電話版可兌換紅利	14_1
1810	語音兌換紅利商品	14_1
1811	點數說明	14_1
1812	國外要停車怎麼使用	14_2
1813	機場周邊免費停車疑問	14_2
1814	查詢是否符合機場周圍免費停車	14_2
1815	桃機停車優惠	14_2
1816	桃園機場特約停車場	14_2
1817	機場停車預約	14_2
1818	停車場配合廠商	14_2
1819	刷卡機場周圍停車	14_2
1820	連勝外圍停車	14_2
1821	嘟嘟房中正旗艦站地址	14_2
1822	晶緻卡班機停車	14_2
1823	外圍停車優惠價	14_2
1824	團費80%停車	14_2
1825	外圍停車優惠怎麼申請	14_2
1826	機場附近停車優惠	14_2
1827	大鵬外圍停車	14_2
1828	國外要停車	14_2
1829	松山機場優惠停車	14_2
1830	申請出國免費停車	14_2
1831	要預約桃園連勝	14_2
1832	請問刷卡買國內機票至金門，可否免費約定機場外圍停車場呢	14_2
1833	國外停車場要預約	14_2
1834	信用卡出國停車場服務	14_2
1835	怎麼可以外圍停車	14_2
1836	信用卡免費外圍停車	14_2
1837	國內機場停車優惠	14_2
1838	桃園機場停車服務	14_2
1839	玉山公務人員國民旅遊卡是否使用外圍停車優惠	14_2
1840	機場外圍停車的條件	14_2
1841	機場外圍停車可以停幾天	14_2
1842	松山機場有配合的停車場嗎	14_2
1843	清泉崗機場有配合的停車場嗎	14_2
1844	桃園機場目前配合哪些停車場	14_2
1845	小港機場目前配合哪些停車場	14_2
1846	清泉崗機場目前配合哪些停車場	14_2
1847	松山機場目前配合哪些停車場	14_2
1848	機場貴賓廳	14_3
1849	玉山pi卡刷滿2萬旅費申請龍騰卡若使用貴賓室需要付費嗎	14_3
1850	貴賓卡優惠	14_3
1851	機場貴賓室白金卡	14_3
1852	龍騰卡次數	14_3
1853	機場貴賓室使用疑問	14_3
1854	消費機票機場貴賓室	14_3
1855	機場貴賓室	14_3
1856	機場貴賓席優惠	14_3
1857	是否機場貴賓室使用	14_3
1858	機場貴賓室國外機票	14_3
1859	貴賓室是配合哪間	14_3
1860	我卡片可以使用貴賓室嗎	14_3
1861	信用卡可以使用貴賓室嗎	14_3
1862	信用卡可以免費使用貴賓室嗎	14_3
1863	國內旅遊可以使用貴賓室嗎	14_3
1864	免費使用貴賓室的條件	14_3
1865	貴賓卡有實體卡嗎	14_3
1866	刷國內機票可以使用貴賓室嗎	14_3
1867	刷國外機票可以使用貴賓室嗎	14_3
1868	我的信用卡可用vip室嗎	14_3
1869	哪裡有機場貴賓室可用	14_3
1870	我的信用卡怎麼使用貴賓室	14_3
1871	怎麼申請貴賓卡	14_3
1872	我的信用卡要刷多少才可以用貴賓室	14_3
1873	vip卡怎麼申請	14_3
1874	機場貴賓卡怎麼申請	14_3
1875	刷團費可以用機場貴賓室嗎	14_3
1876	刷機票可以用機場貴賓室嗎	14_3
1877	刷團費可以用幾次機場貴賓室	14_3
1878	刷機票可以用幾次機場貴賓室	14_3
1879	使用機場貴賓室要付錢嗎	14_3
1880	哪些卡可以免費使用機場貴賓室	14_3
1881	沒有刷機票可以使用機場貴賓室嗎	14_3
1882	沒有刷團費可以使用機場貴賓室嗎	14_3
1883	機場貴賓室怎麼收費	14_3
1884	附卡旅遊平安險	14_4
1885	理賠身分	14_4
1886	消費贈送旅遊平安險	14_4
1887	信用卡旅遊險	14_4
1888	刷卡機票意外險	14_4
1889	怎麼消費申請免費旅遊平安險	14_4
1890	旅遊險是否提前登錄	14_4
1891	消費飛機票保險	14_4
1892	信用卡機票保險	14_4
1893	消費申購機票提供保險	14_4
1894	旅遊險是否登錄	14_4
1895	信用卡提前消費訂金再消費可用餘額可以符合旅遊平安險	14_4
1896	信用卡支付團費保險	14_4
1897	團費消費贈送保險	14_4
1898	出國刷玉山卡有保險嗎	14_4
1899	信用卡旅平險	14_4
1900	出國刷信用卡有保險嗎	14_4
1901	信用卡旅平險保額多少	14_4
1902	信用卡旅遊平安險	14_4
1903	贈送旅遊保險	14_4
1904	贈送旅平險	14_4
1905	贈送不便險	14_4
1906	持卡享有保險	14_4
1907	機票刷卡保險	14_4
1908	出國保險	14_4
1909	市區停車優惠查詢	14_5
1910	開車停車優惠	14_5
1911	紅利折抵市區停車	14_5
1912	聯通停車優惠	14_5
1913	哪種卡市區停車服務	14_5
1914	南山悠遊聯名卡市區停車	14_5
1915	市區停車優惠次數查詢	14_5
1916	市區停車優惠資格	14_5
1917	停車3小時	14_5
1918	市內停車	14_5
1919	市區停車	14_5
1920	國內聯通停車	14_5
1921	國內聯通紅利	14_5
1922	要市區停車	14_5
1923	我的卡片的市區停車條件是什麼	14_5
1924	我這個月可以市區停車嗎	14_5
1925	我卡片可以停嘟嘟房嗎	14_5
1926	我卡片可以停台灣聯通嗎	14_5
1927	市區停車資格我符合嗎	14_5
1928	免費市區停車可以停幾小時	14_5
1929	我的信用卡可以免費市區停車嗎	14_5
1930	信用卡要怎樣才可以免費市區停車	14_5
1931	免費市區停車的條件是什麼	14_5
1932	市區停車跟哪幾家配合	14_5
1933	可以用紅利折抵市區停車嗎	14_5
1934	機場接送	151
1935	機場接送卡別	151
1936	我的卡可以預約機場接送嗎	151
1937	到府接送去機場	151
1938	機接	151
1939	送我去機場	151
1940	信用卡消費機場接送	151
1941	查詢信用卡是否還有免費預約機場接送次數	151
1942	叫車輛服務	151
1943	桃園機場機場接駁	151
1944	機場接送優惠特約	151
1945	機場叫車輛	151
1946	查詢機場接送免費	151
1947	國外免費機場接送	151
1948	怎麼使用機場機場接送	151
1949	刷卡機場機場接送	151
1950	機場接駁服務	151
1951	信用卡可以預約機場接送	151
1952	信用卡優惠機場接送	151
1953	機場接送價錢	151
1954	機場接送服務什麼資格	151
1955	機場機場接送	151
1956	信用卡機場接送介紹	151
1957	紅利兌換機場接送	151
1958	機場接送要哪張信用卡	151
1959	國外是否機場接送	151
1960	教師卡機場接送	151
1961	機場免費機場接送資格	151
1962	怎麼叫機場接送	151
1963	國外機場接送	151
1964	機場贈送接	151
1965	機場接送查詢	151
1966	出國機場接送	151
1967	獲得機場接送	151
1968	機場接駁	151
1969	接駁車價格	151
1970	如何獲得機場接駁	151
1971	機場接駁條件	151
1972	辦卡享有機場接駁	151
1973	信用卡機場接駁	151
1974	出國機場接駁	151
1975	機場接駁限制	151
1976	機場接駁多少錢	151
1977	機場接送服務	151
1978	我的卡片能享有哪種接送	151
1979	自費接送	151
1980	卡片專屬接送	151
1981	卡片專屬接送優惠	151
1982	機場接送價格	151
1983	機場接送優惠價	151
1984	我要預約機場接送	151
1985	到府接送去機場	152
1986	接送機場服務申請	152
1987	送我去機場	152
1988	我要預約接機	152
1989	我要預約送機	152
1990	預約接送	152
1991	預約接機	152
1992	預約送機	152
1993	我要預約接送	152
1994	我要預約機場接送	152
1995	可以電話這邊約機場接送嗎	152
1996	我的卡片有符合機場接送資格嗎	152
1997	多久前要網路預約接送	152
1998	我有在網路預約接送要變更資料在哪裡改	152
1999	我有在網路預約接送要取消接送在哪裡改	152
2000	網路預約機場接送服務	152
2001	機場接送網路預約	152
2002	線上預約機場接送	152
2003	網路預約到府接送去機場	152
2004	網路預約機接服務	152
2005	預約機場接送	152
2006	如何預約機場接送	152
2007	怎麼預約機場接送	152
2008	我想預約機場接送	152
2009	機場接送的費用	152
2010	查詢帳戶餘額	211
2011	帳戶還有多少餘額	211
2012	想查戶頭裡面的錢	211
2013	我的玉山帳戶裡面有多少錢	211
2014	帳戶裡的金額多少	211
2015	多少錢在帳戶裡面	211
2016	我想查我帳戶裡面有多少錢	211
2017	要如何知道帳戶裡面有多少錢	211
2018	想查玉山帳戶餘額	211
2019	要怎麼查詢本人帳戶錢多少	211
2020	存款可用餘額	211
2021	台幣餘額還有多少	211
2022	是否可以幫我查詢帳戶可用餘額	211
2023	可查帳戶可用餘額	211
2024	要怎麼查詢台幣存款	211
2025	台幣帳戶台幣可用餘額	211
2026	查詢帳戶中可用餘額	211
2027	要怎麼查詢玉山存摺帳戶可用餘額還有多少	211
2028	存款查詢	211
2029	台幣帳戶查詢	211
2030	查詢存款	211
2031	要查詢台幣帳戶存摺還有多少	211
2032	存款帳戶多少錢	211
2033	存款餘額查詢	211
2034	帳戶餘額查詢	211
2035	支存待補票	212
2036	今天待補票多少	212
2037	票款還要補多少 	212
2038	支票要補的金額	212
2039	支票待補票金額查詢	212
2040	怎麼查支票要補多少	212
2041	支票補多少	212
2042	今天支票要補多少錢進去	212
2043	要怎麼查支票待補金額多少	212
2044	支票待補金額要怎麼查	212
2045	今天待補支票金額多少	212
2046	待補票款查詢可以透過客服嗎	212
2047	查詢支存待補支票金額方法	212
2048	查詢支存不夠的金額	212
2049	待補票款查詢要哪裡申請	212
2050	票款還要補發多少	212
2051	支票待補金額要去哪裡申請查詢	212
2052	可以透過電話查詢待補支票金額	212
2053	待補支票金額要哪裡申請查詢	212
2054	查詢支存不夠金額	212
2055	查詢支票待補錢	212
2056	今天補票金額	212
2057	今天票要補多少	212
2058	查詢今天補票金額	212
2059	今天補票金額	212
2060	支存帳單	213
2061	沒收到這個月的支存對帳單	213
2062	寄給我紙本的支存帳單	213
2063	支存帳戶交易明細查詢	213
2064	查詢支存交易內容	213
2065	昨天的支存明細請查詢	213
2066	我要怎麼透過網路查詢我的支存對帳單	213
2067	甲存對帳單申請	213
2068	可以傳真支存對帳單給我嗎	213
2069	支存帳單傳真	213
2070	傳真支存帳單	213
2071	存款明細傳真	213
2072	傳真存款明細	213
2073	支票帳單使用傳真	213
2074	申請傳真支票存款對帳單	213
2075	存款明細可以傳真給我嗎	213
2076	我可以用傳真索取存款明細嗎	213
2077	我想要傳真存款明細	213
2078	存款明細可不可以傳真給我	213
2079	存款明細方便傳真給我嗎	213
2080	方便傳真存款明細給我嗎	213
2081	請傳真存款明細到25869413	213
2082	我想要查我的外幣存款明細	213
2083	存款明細可以用傳真的嗎	213
2084	傳真索取存款明細	213
2085	傳真昨天的存款明細給我	213
2086	我想要最近一個月的存款明細	213
2087	我要查存款明細	213
2088	存款明細可以用傳真提供嗎	213
2089	可以用傳真提供存款明細嗎	213
2090	你們有提供存款明細傳真嗎	213
2091	你們有沒有存款明細傳真	213
2092	你們有辦法傳真我的存款明細給我嗎	213
2093	你可以傳真我的存款明細給我嗎	213
2094	我要索取存款明細傳真	213
2095	傳真存款明細給我	213
2096	你們有沒有存款明細傳真的功能	213
2097	存款明細傳真功能	213
2098	我想要索取存款明細傳真	213
2099	傳真給我存款明細	213
2100	傳真我的存款明細給我	213
2101	我的存款明細請傳真給我	213
2102	請提供我的存款明細傳真	213
2103	存款明細可否用傳真提供	213
2104	存款明細有提供傳真版本嗎	213
2105	存款明細紙本傳真	213
2106	傳真紙本存暖明細	213
2107	趕快傳真存款明細給我	213
2108	存款明細快點傳來	213
2109	快點傳來存款明細	213
2110	支票存款對帳單傳真	213
2111	傳真支票存款對帳單	213
2112	支票存款對帳單可以傳真給我嗎	213
2113	我可以用傳真索取支票存款對帳單嗎	213
2114	我想要傳真支票存款對帳單	213
2115	支票存款對帳單可不可以傳真給我	213
2116	支票存款對帳單方便傳真給我嗎	213
2117	方便傳真支票存款對帳單給我嗎	213
2118	請傳真支票存款對帳單到25869413	213
2119	我想要查我的外幣支票存款對帳單	213
2120	語音轉帳到玉山帳戶	221
2121	用電話轉帳到玉山帳戶	221
2122	要怎麼用電話轉帳到玉山帳戶	221
2123	電話可以轉帳給其他玉山顧客嗎	221
2124	我要用電話轉帳給本行其他顧客	221
2125	我要透過電話語音轉帳到玉山帳戶	221
2126	電話銀行本行轉帳	221
2127	電話銀行轉帳玉山	221
2128	電話轉帳到玉山	221
2129	電話轉帳到玉山帳戶	221
2130	我要語音轉帳到玉山	221
2131	我要電話轉帳到玉山	221
2132	我要使用語音轉帳	221
2133	語音本行轉帳	221
2134	用電話轉帳玉山轉玉山	221
2135	我要台幣轉帳到玉山	221
2136	我想要轉帳給我朋友玉山的帳號	221
2137	轉帳到玉山	221
2138	我要轉一筆錢到玉山	221
2139	我要跨行轉帳一百萬到玉山	221
2140	我要轉一百萬到玉山	221
2141	我要用語音轉帳到玉山	221
2142	我可以用語音轉帳到玉山嗎	221
2143	我可以在電話上轉帳到玉山嗎	221
2144	我可不可以透過電話轉帳一百萬到玉山	221
2145	語音轉帳到別家帳戶	222
2146	用電話轉帳到別家帳戶	222
2147	要怎麼用電話轉帳到他行	222
2148	電話可以轉帳到其他銀行嗎	222
2149	用電話轉帳玉山轉中信	222
2150	我有約定語音跨行轉帳	222
2151	我要轉帳到國泰帳戶	222
2152	電話銀行跨行轉帳	222
2153	電話跨行轉帳方式	222
2154	電話轉帳到國泰	222
2155	我要語音轉帳到其他銀行	222
2156	我要電話轉帳到其他銀行	222
2157	語音轉帳到別家銀行	222
2158	語音跨行轉帳	222
2159	我要語音跨轉	222
2160	我要使用語音轉帳	222
2161	如何使用語音轉帳到跨行	222
2162	我想轉帳到國泰	222
2163	我要台幣轉帳到中信	222
2164	我想要轉帳給我朋友中信的帳號	222
2165	我要跨行轉帳給我朋友	222
2166	我要轉帳到非本行的帳號	222
2167	轉帳給其他銀行	222
2168	轉帳到其他銀行帳戶	222
2169	我要跨轉	222
2170	轉定存	224
2171	想要申請台幣定存	224
2172	要怎麼申請定存	224
2173	定存如何辦	224
2174	如何線上辦理定存	224
2175	有一筆錢想申請定存	224
2176	申請整存整付	224
2177	申請存本取息	224
2178	我有一筆資金想申請定期存款	224
2179	綜轉定	224
2180	電話是否可以申請台幣定存	224
2181	申請定存是否可以委託家人申請	224
2182	定存要怎麼申請	224
2183	怎麼活期轉定存	224
2184	申請台幣定存的方法	224
2185	定存功能哪裡	224
2186	要台幣定存	224
2187	沒有印鑑可以定存	224
2188	怎麼活存轉定存	224
2189	怎麼承做台幣定存	224
2190	台幣定存申請方法	224
2191	台幣轉帳定存	224
2192	要怎麼申請台幣綜存轉帳定存	224
2193	要定存要哪裡登入	224
2194	綜合存款轉定存	224
2195	變更語音密碼	235
2196	語音初始密碼要如何變更	235
2197	要如何變更語音初始密碼	235
2198	是不是要變更語音初始密碼才能用	235
2199	改語音密碼4位數	235
2200	4位數字語音密碼修改	235
2201	想改語音密碼	235
2202	語音密碼變更方式	235
2203	語密變更	235
2204	語音密碼想要變更	235
2205	申請電話語音密碼以後可以請客服變更嗎	235
2206	新戶語音密碼要怎麼申請變更	235
2207	為什麼電話語音密碼不能使用	235
2208	語音密碼首次要怎麼變更	235
2209	語音密碼一定變更	235
2210	電話語音密碼變更步驟	235
2211	要怎麼申請變更新戶語音密碼	235
2212	語音密碼忘記	235
2213	語音密碼錯誤三次	235
2214	我要變更語音密碼	235
2215	申請語音密碼	235
2216	想要變更語音密碼	235
2217	不會變更語音密碼	235
2218	語音密碼變更流程	235
2219	可以變更語音密碼嗎	235
2220	貸款要繳多少錢	242
2221	我這期貸款要繳多少	242
2222	信貸應繳金額	242
2223	貸款哪一天扣款呢	242
2224	哪一天會扣貸款費用	242
2225	想問貸款金額跟扣款日	242
2226	信貸繳款金額與日期是多少	242
2227	信貸款繳要繳多少錢	242
2228	我有你們家的貸款要繳多少	242
2229	我想繳你們家的貸款	242
2230	信貸扣款日查詢方法	242
2231	貸款當期繳款日期	242
2232	查詢信貸貸款截止日	242
2233	一定要前往玉山分行才可以查詢玉山信貸扣款日嗎	242
2234	查詢玉山信貸扣款日	242
2235	網路上可以查詢信貸扣款日嗎	242
2236	要查詢貸款繳款日期	242
2237	本期貸款何時扣款	242
2238	我這期貸款要繳多少錢	242
2239	線上查詢當期貸款金額	242
2240	語音查詢當期貸款金額	242
2241	查詢貸款繳費期限	242
2242	查詢貸款繳費截止日	242
2243	這期貸款多少錢	242
2244	這期貸款要繳多少	242
2245	數位帳戶有什麼優惠	31_1
2246	你們數位帳戶有存款利率優惠嗎	31_1
2247	數位帳戶有幾次轉帳優惠	31_1
2248	數位帳戶有幾次提款優惠	31_1
2249	要怎麼申請數位帳戶	31_1
2250	數位帳戶可以轉帳嗎	31_1
2251	數位帳戶可以扣貸款嗎	31_1
2252	數位帳戶可以扣水電費嗎	31_1
2253	沒信用卡如何申請數位帳戶	31_1
2254	沒有自然人憑證如何申請數位帳戶	31_1
2255	數位帳戶無法轉帳怎麼辦	31_1
2256	數位帳戶為什麼不能轉帳	31_1
2257	數位帳戶扣玉山卡款有什麼優惠	31_1
2258	數位帳戶利率是多少	31_1
2259	信用卡要持有多久才可申請數位帳戶	31_1
2260	數位帳戶的金融卡什麼時候寄出	31_1
2261	數位帳戶金融卡收到要開卡嗎	31_1
2262	數位帳戶金融卡可以取消簽帳功能嗎	31_1
2263	數位帳戶有存摺嗎	31_1
2264	數位帳戶金融卡可以寄到分行嗎	31_1
2265	我有一般存款帳戶還可以辦數位帳戶嗎	31_1
2266	數位帳戶可以連結PAYPAL服務嗎	31_1
2267	數位帳戶可以辦理約定帳號嗎	31_1
2268	數位帳戶可以當交割戶嗎	31_1
2269	網路怎麼開戶	31_1
2270	無卡提款	31_2
2271	指紋提款	31_2
2272	掃臉提款	31_2
2273	開通行動無卡提款	31_2
2274	ATM無卡提款	31_2
2275	個人網銀無卡提款	31_2
2276	行動提款限額	31_2
2277	無卡提款申請	31_2
2278	無卡提款驗證	31_2
2279	無卡提款方式	31_2
2280	提款序號	31_2
2281	當日提款序號	31_2
2282	取消無卡提款	31_2
2283	無卡提款忘記密碼	31_2
2284	認證密碼重設	31_2
2285	行動無卡提款	31_2
2286	ATM無卡提款操作流程	31_2
2287	如何無卡提款	31_2
2288	沒卡片可以提款嗎	31_2
2289	怎麼申請無卡提款	31_2
2290	如何申請無卡提款	31_2
2291	無卡提款的申請方式	31_2
2292	你們有無卡提款嗎	31_2
2293	沒有金融卡可以提款嗎	31_2
2294	提款一定要金融卡嗎	31_2
2295	申請網銀開通	31_3
2296	忘記網銀帳密	31_3
2297	如何申請網路銀行	31_3
2298	我忘記了網路銀行的帳號跟密碼	31_3
2299	網銀的帳號密碼都忘記了	31_3
2300	網銀要怎麼用	31_3
2301	要怎麼用網路銀行	31_3
2302	開通網銀	31_3
2303	網銀轉帳怎麼轉	31_3
2304	怎麼用網銀轉帳	31_3
2305	請問我要網上活存轉定存怎麼做	31_3
2306	網路銀行申請	31_3
2307	使用者名稱忘記	31_3
2308	使用這密碼忘記	31_3
2309	忘記使用這名稱密碼	31_3
2310	忘記使用者名稱	31_3
2311	忘記使用者密碼	31_3
2312	忘記密碼	31_3
2313	密碼更改	31_3
2314	網路銀行密碼變更	31_3
2315	網銀密碼更改	31_3
2316	網銀帳號更改	31_3
2317	網銀操作步驟	31_3
2318	如何使用網銀	31_3
2319	網銀app下載	31_3
2320	玉山卡買淘寶	31_4
2321	玉山電子支付	31_4
2322	淘寶付款方式	31_4
2323	付款手續費	31_4
2324	淘寶身分驗證	31_4
2325	E.SUN PAY	31_4
2326	淘寶附款額度上限	31_4
2327	跨境買賣問題	31_4
2328	淘寶刷卡驗證	31_4
2329	刷卡驗證碼	31_4
2330	刷卡1%手續費	31_4
2331	淘寶已退款但我沒有收到	31_4
2332	為什麼身份證顯示身份證不可使用	31_4
2333	為什麼行動電話驗證不過	31_4
2334	我身份證輸入正確還是無法認證	31_4
2335	購買淘寶顯示我一年以上沒消費要做身份證驗證	31_4
2336	信用卡刷卡購買淘寶要多少手續費	31_4
2337	淘寶退款	31_4
2338	淘寶身分證驗	31_4
2339	淘寶額度如何提高	31_4
2340	淘寶額度提高	31_4
2341	淘寶怎麼買	31_4
2342	淘寶退款進度	31_4
2343	淘寶退款帳號設定	31_4
2344	淘寶退款要多久	31_4
2345	PayPal如何提領	31_5
2346	PayPal申請提領	31_5
2347	PayPal提領	31_5
2348	玉山全球通	31_5
2349	玉山全球通提領	31_5
2350	玉山全球通申請	31_5
2351	PayPal提領手續費	31_5
2352	PayPal轉換的幣別	31_5
2353	PayPal申請方法	31_5
2354	PayPal提領時間	31_5
2355	PayPal連結方式	31_5
2356	PayPal提領到他行帳戶	31_5
2357	外國人可以使用玉山全球通	31_5
2358	PayPal手續費	31_5
2359	PayPal認證問題	31_5
2360	PayPal提領要多久	31_5
2361	PayPal客服	31_5
2362	PayPal跨提	31_5
2363	PayPal提領要手續費嗎	31_5
2364	PayPal款項要提領	31_5
2365	PayPal要提領款項	31_5
2366	PayPal要領錢	31_5
2367	PayPal的錢要領出來	31_5
2368	PayPal有錢要領出來	31_5
2369	PayPal的錢怎麼領出來	31_5
2370	想申請信用卡貸款	131
2371	卡友貸申請方式	131
2372	信用卡貸款申請	131
2373	卡貸怎麼申請	131
2374	友貸可以貸多少	131
2375	卡友貸可以貸多少	131
2376	可以用信用卡貸款嗎	131
2377	有信用卡要怎麼貸一筆錢出來	131
2378	我是玉山卡友，我有資金需求	131
2379	圓夢	131
2380	卡友貸最少額度	131
2381	卡友貸網路申請	131
2382	卡友貸商機轉帳介	131
2383	信用卡貸款分期	131
2384	卡友貸額度利率審核	131
2385	申請預借現金分期	131
2386	卡友貸申方法	131
2387	卡友貸疑問	131
2388	信用卡信貸	131
2389	玉山卡友貸申請說明	131
2390	卡友貸款	131
2391	玉山卡貸款	131
2392	卡片信貸	131
2393	卡友貸款額度上限	131
2394	如何申請卡友貸款	131
2395	車輛毀損可以前往幫忙嗎	#31
2396	行遍天下	#31
2397	路上爆胎求救	#31
2398	車子被拖吊求救	#31
2399	我要道路救援	#31
2400	我現在要拖吊	#31
2401	我要接水	#31
2402	我要接電	#31
2403	路上拋錨了怎麼辦	#31
2404	車子拋錨	#31
2405	登錄道路救援	#31
2406	免費道路救援次數	#31
2407	高速公路拋錨	#31
2408	我需要拖吊服務	#31
2409	車子發不動需要拖吊	#31
2410	行遍天下電話	#31
2411	行遍天下服務專線	#31
2412	行遍天下服務時間	#31
2413	拖吊電話	#31
2414	拖吊服務登錄	#31
2415	爆胎需要拖吊服務	#31
2416	免費拖吊	#31
2417	免費拖吊電話	#31
2418	高速公路拖吊	#31
2419	我需要緊急拖吊服務	#31
2420	網路無法預約接送	153
2421	為什麼無法預約接送	153
2422	接送沒辦法約怎麼辦	153
2423	網站不能接送阿	153
2424	可以用人工幫我預約接送嗎	153
2425	一定要用網路才能約接送嗎	153
2426	網路不給我約接送	153
2427	沒有網路要怎麼約接送	153
2428	人工預約機場機送	153
2429	機場接送人工處理	153
2430	專人預約機場接送	153
2431	ego電話專線	153
2432	ego	153
2433	專人預約接送	153
2434	人工預約機場接送	153
2435	人工預約接送	153
2436	e-go 台灣觀光巴士	153
2437	網路不能用幾場接送免費次數	153
2438	網路無法預約完成	153
2439	網路無法更動預約內容	153
2440	我想變更機場接送預約	153
2441	如何變更機場接送預約	153
2442	ego聯絡電話	153
2443	我想要取消幾場接送	153
2444	班機取消所以要取消預約機場接送	153
2445	證券客服	42
2446	要怎麼買股票	42
2447	我要買股票	42
2448	玉山證券客服專線	42
2449	交割帳戶	42
2450	玉山交割帳戶	42
2451	富果交割帳戶 	42
2452	玉證	42
2453	玉證公司客服	42
2454	玉證語音專線	42
2455	我有證券的問題	42
2456	人在香港開富果帳戶	42
2457	請問為什麼將富果的帳號辦理約定之後，卻無法轉帳進去呢	42
2458	富果	42
2459	富果交割帳戶	42
2460	如何申請富果帳號	42
2461	玉證富果帳戶	42
2462	富果帳戶	42
2463	轉接證券客服	42
2464	我要問證券問題	42
2465	證券密碼忘記	42
2466	證券密碼被鎖住	42
2467	不會線上購買證券	42
2468	證券如何線上購買	42
2469	股票如何下單	42
2470	票信照會	218
2471	照會票信	218
2472	支票想要照會	218
2473	想要照會支票	218
2474	支存照會方式	218
2475	網路票信查詢	218
2476	我是要查詢票主的信用	218
2477	照會電話	218
2478	要照會支票	218
2479	網路票信	218
2480	支票照會	218
2481	要怎麼查詢發票人支票信用	218
2482	支存照會方法	218
2483	照會	218
2484	查詢支存	218
2485	聯徵照會	218
2486	支存票信查詢	218
2487	支票網路照會	218
2488	支票照會要撥打幾號	218
2489	無票支存照會	218
2490	票信客服	218
2491	支照	218
2492	票信照會流程	218
2493	發票人支票信用要怎麼查詢	218
2494	支存查詢	218
2495	申請貸款	241
2496	增貸	241
2497	想貸100萬	241
2498	已經辦過貸款了還可以申請嗎	241
2499	我還有貸款沒繳完還可以增貸嗎	241
2500	我要辦貸款	241
2501	貸款申請方式	241
2502	可以跟玉山借錢嗎	241
2503	要怎麼貸100萬下來	241
2504	我有資金需求	241
2505	如何申請貸款	241
2506	申請貸款條件	241
2507	如何申請創業貸款	241
2508	如何申請房屋貸款	241
2509	貸款利息多少	241
2510	詢問能貸款金額	241
2511	想申請貸款	241
2512	辦貸款限制	241
2513	如何線上辦理貸款	241
2514	辦貸款優惠活動	241
2515	如何申請玉山貸款	241
2516	貸款怎麼申請	241
2517	貸款利率多少	241
2518	房貸利率多少	241
2519	信貸利率多少	241
2520	不見了我的信用卡	#10
2521	我錢包被偷了裡面有信用卡	#10
2522	錢包不見裡面有信用卡	#10
2523	信用卡找不到可以先掛失嗎	#10
2524	可以先掛失信用卡再取消嗎	#10
2525	我信用卡暫時找不到怎麼辦	#10
2526	怎麼辦我找不到信用卡	#10
2527	信用卡遺失要取消信用卡	#10
2528	怎麼申請掛失信用卡	#10
2529	信用卡國外遺失盜用	#10
2530	信用卡掛失附卡	#10
2531	悠遊卡掛失可用餘額	#10
2532	掛失悠遊卡功能	#10
2533	晶緻卡掛失	#10
2534	悠遊聯名卡遺失	#10
2535	I lose my creditcard	#10
2536	外國人信用卡掛失	#10
2537	沒有開卡信用卡遺失	#10
2538	信用卡不見了	#10
2539	我要掛失信用卡	#10
2540	信用卡掛失	#10
2541	信用卡遺失	#10
2542	遺失信用卡	#10
2543	我信用卡被盜刷了	#10
2544	弄丟信用卡	#10
2545	提款卡不見了	#2
2546	不見了我的提款卡	#2
2547	我錢包被偷了裡面有提款卡	#2
2548	錢包不見裡面有提款卡	#2
2549	提款卡找不到可以先掛失嗎	#2
2550	可以先掛失提款卡再取消嗎	#2
2551	我暫時找不到提款卡怎麼辦	#2
2552	怎麼辦我找不到提款卡	#2
2553	提款卡片遺失	#2
2554	數位帳戶金融卡遺失	#2
2555	網路可以掛失debit卡	#2
2556	金融卡取消交易	#2
2557	金融卡遺失怎麼停	#2
2558	取消debit卡	#2
2559	金融卡掛失方法	#2
2560	金融卡遺失補發疑問	#2
2561	金融卡遺失怎麼重辦	#2
2562	公司金融卡掛失	#2
2563	玉山金融卡掛失	#2
2564	掛失補發debit卡	#2
2565	存摺跟金融卡遺失	#2
2566	金融卡不慎遺失怎麼申請	#2
2567	未成年掛失金融卡	#2
2568	金融卡取消	#2
2569	提款卡掛失	#2
2570	icash2.0信用卡感應疑問	10
2571	icash2.0感應不到	10
2572	icash聯名卡感應不良怎麼申請	10
2573	不能感應信用卡	10
2574	世界卡補發	10
2575	卡號模糊	10
2576	可以網路申請補發信用卡	10
2577	可以幫補發信用卡	10
2578	安全碼消失怎麼申請	10
2579	更換信用卡費用	10
2580	信用卡內悠遊卡功能不能使用	10
2581	信用卡卡號模糊	10
2582	信用卡安全碼不見	10
2583	信用卡老舊	10
2584	信用卡折損怎麼申請	10
2585	信用卡信用卡薄膜遺失	10
2586	信用卡背面磁條遺失可以補發	10
2587	信用卡重新戶	10
2588	信用卡接觸不良	10
2589	信用卡晶片感應不到	10
2590	信用卡感應不到刷卡被拒消費	10
2591	信用卡感應刷卡失效	10
2592	信用卡感應取消	10
2593	信用卡毀損補發	10
2594	信用卡毀損補發方法	10
2595	信用卡毀補	10
2596	信用卡磁條脫離怎麼補發	10
2597	信用卡磁條疑問怎麼申請	10
2598	信用卡檢核碼模糊不清	10
2599	信用卡薄膜遺失	10
2600	信用卡爛掉怎辦	10
2601	信用卡變形	10
2602	信用卡變更新卡	10
2603	怎麼提前申請補發信用卡	10
2604	要補發信用卡	10
2605	重寄送新信用卡索取	10
2606	國旅卡的晶片貌似讀取不到 無法刷卡	10
2607	開新停舊	10
2608	毀損補發信用卡	10
2609	毀補卡片	10
2610	毀補信用卡	10
2611	補發信用卡費用	10
2612	磁條信用卡是否變更晶片信用卡	10
2613	網路補發	10
2614	聯名悠遊卡沒有自動加值	10
2615	變更信用卡	10
2616	不了解新戶寄送哪裡	10
2617	新卡寄送哪裡	10
2618	可以補發寄送哪個地址	10
2619	玉山主動補發信用卡週期	10
2620	目前到期公務人員國民旅遊卡再續申請	10
2621	年度補發	10
2622	收信用卡補發通知	10
2623	沒有收新戶掛號信怎麼申請	10
2624	到期怎麼補發	10
2625	到期換卡	10
2626	信用卡到期何時可以收新戶	10
2627	信用卡下個月到期怎麼申請	10
2628	信用卡有效期限即將前往怎麼申請補發	10
2629	信用卡有效期限前往補發	10
2630	信用卡使用有效期限即將到期怎麼申請	10
2631	信用卡使用到期	10
2632	信用卡到期沒有收信用卡	10
2633	信用卡到期寄送哪裡	10
2634	信用卡到期補發告訴	10
2635	信用卡到期補發要辦什麼手續	10
2636	信用卡尚未到期就收新卡正常	10
2637	信用卡退件	10
2638	信用卡寄送哪裡	10
2639	信用卡寄達地址哪裡	10
2640	信用卡進度到期	10
2641	信用卡補發寄送地址	10
2642	信用卡續申請	10
2643	查詢掛號	10
2644	查詢掛號單編號	10
2645	為什麼信用卡尚未到期玉山要寄送新卡索取	10
2646	為什麼要補發	10
2647	家樂福聯名卡 到期 沒有收到卡片	10
2648	退件信用卡	10
2649	掛號查詢	10
2650	換卡退回	10
2651	新戶寄至哪個地址	10
2652	新戶寄送哪個地址	10
2653	舊卡即將到期	10
2654	續卡沒有收退回去	10
2655	信用卡損壞	10
2656	信用卡額度問題	10
2657	信用卡補發	10
2658	信用卡感應不良	10
2659	信用卡開副卡	10
2660	信用卡舊卡換新卡	10
2661	信用卡遺失	10
2662	安全碼模糊	10
2663	信用卡額度調高	10
2664	信用卡補發費用	10
2665	信用卡優惠問題	10
2666	信用卡紅利點數查詢	10
2667	要如何匯款	20
2668	匯款到國外有限額嗎	20
2669	如何匯款到美國	20
2670	我要換匯	20
2671	今天換美金是多少錢	20
2672	玉山特匯日活動序號	20
2673	網銀換匯有優惠嗎	20
2674	美金匯率	20
2675	哪裡可以領外幣現鈔	20
2676	怎麼開外幣帳戶	20
2677	換匯手續費多少	20
2678	我的debit卡有問題	20
2679	PI兔簽帳卡要怎麼申請	20
2680	Debit卡可以刷卡嗎	20
2681	我的家樂福悠遊Debit卡一直刷卡失敗	20
2682	詢問debit卡問題	20
2683	debit卡開卡	20
2684	金融卡可以刷卡嗎	20
2685	怎麼申請pi兔金融卡	20
2686	debit卡幾歲可以申請	20
2687	國外可以刷簽帳卡嗎	20
2688	請問debit卡有限額嗎	20
2689	新申請的debit卡還沒收到首刷禮	20
2690	我要轉銀行專人	20
2691	銀行客服怎麼轉	20
